timestamp,message,logStreamName
1724851950095,"hello world function executed in 0 ms
",2024/08/28/[$LATEST]d100f0330e4942b08ab3534938b2d1cf
1724852208869,"hello world function executed in 0 ms
",2024/08/28/[$LATEST]d100f0330e4942b08ab3534938b2d1cf
1724852510825,"hello world function executed in 0 ms
",2024/08/28/[$LATEST]557ac60c8af94154b8b807edd5837968
1724852850295,"hello world function executed in 0 ms
",2024/08/28/[$LATEST]4d55ce9d7ff84db09270351c5a7b0fcd
1724853822947,"hello world function executed in 637 ms
",2024/08/28/[$LATEST]65bff5be3fac474e851d4a46f90826fe
1725804298060,"hello world function executed in 647 ms
",2024/09/08/[$LATEST]b99ef126f8d240dfb4e8f0fe5dde9f26
1725804298065,"hello world function executed in 648 ms
",2024/09/08/[$LATEST]59a505b33094462ab99d7fec51bb6024
1725804298566,"hello world function executed in 16 ms
",2024/09/08/[$LATEST]b99ef126f8d240dfb4e8f0fe5dde9f26
1725804298580,"hello world function executed in 31 ms
",2024/09/08/[$LATEST]59a505b33094462ab99d7fec51bb6024
1725804299113,"hello world function executed in 40 ms
",2024/09/08/[$LATEST]b99ef126f8d240dfb4e8f0fe5dde9f26
1725804299117,"hello world function executed in 48 ms
",2024/09/08/[$LATEST]59a505b33094462ab99d7fec51bb6024
1725804299527,"hello world function executed in 11 ms
",2024/09/08/[$LATEST]b99ef126f8d240dfb4e8f0fe5dde9f26
1725804299535,"hello world function executed in 19 ms
",2024/09/08/[$LATEST]59a505b33094462ab99d7fec51bb6024
1725804300051,"hello world function executed in 71 ms
",2024/09/08/[$LATEST]59a505b33094462ab99d7fec51bb6024
1725804300081,"hello world function executed in 87 ms
",2024/09/08/[$LATEST]b99ef126f8d240dfb4e8f0fe5dde9f26
1725804300555,"hello world function executed in 48 ms
",2024/09/08/[$LATEST]b99ef126f8d240dfb4e8f0fe5dde9f26
1725804300573,"hello world function executed in 62 ms
",2024/09/08/[$LATEST]59a505b33094462ab99d7fec51bb6024
1725804300916,"hello world function executed in 50 ms
",2024/09/08/[$LATEST]59a505b33094462ab99d7fec51bb6024
1725804300928,"hello world function executed in 52 ms
",2024/09/08/[$LATEST]b99ef126f8d240dfb4e8f0fe5dde9f26
1725804301293,"hello world function executed in 16 ms
",2024/09/08/[$LATEST]59a505b33094462ab99d7fec51bb6024
1725804301312,"hello world function executed in 39 ms
",2024/09/08/[$LATEST]b99ef126f8d240dfb4e8f0fe5dde9f26
1725804301636,"hello world function executed in 16 ms
",2024/09/08/[$LATEST]b99ef126f8d240dfb4e8f0fe5dde9f26
1725804308824,"hello world function executed in 45 ms
",2024/09/08/[$LATEST]b99ef126f8d240dfb4e8f0fe5dde9f26
1725804309220,"hello world function executed in 15 ms
",2024/09/08/[$LATEST]b99ef126f8d240dfb4e8f0fe5dde9f26
1725804309277,"hello world function executed in 40 ms
",2024/09/08/[$LATEST]59a505b33094462ab99d7fec51bb6024
1725804309713,"hello world function executed in 16 ms
",2024/09/08/[$LATEST]59a505b33094462ab99d7fec51bb6024
1725804309749,"hello world function executed in 36 ms
",2024/09/08/[$LATEST]b99ef126f8d240dfb4e8f0fe5dde9f26
1725804310185,"hello world function executed in 28 ms
",2024/09/08/[$LATEST]59a505b33094462ab99d7fec51bb6024
1725804310190,"hello world function executed in 37 ms
",2024/09/08/[$LATEST]b99ef126f8d240dfb4e8f0fe5dde9f26
1725804310653,"hello world function executed in 40 ms
",2024/09/08/[$LATEST]b99ef126f8d240dfb4e8f0fe5dde9f26
1725804310654,"hello world function executed in 45 ms
",2024/09/08/[$LATEST]59a505b33094462ab99d7fec51bb6024
1725804311012,"hello world function executed in 16 ms
",2024/09/08/[$LATEST]59a505b33094462ab99d7fec51bb6024
1725804314033,"hello world function executed in 17 ms
",2024/09/08/[$LATEST]59a505b33094462ab99d7fec51bb6024
1725804314449,"hello world function executed in 16 ms
",2024/09/08/[$LATEST]b99ef126f8d240dfb4e8f0fe5dde9f26
1725804314456,"hello world function executed in 40 ms
",2024/09/08/[$LATEST]59a505b33094462ab99d7fec51bb6024
1725804314828,"hello world function executed in 11 ms
",2024/09/08/[$LATEST]59a505b33094462ab99d7fec51bb6024
1725804314896,"hello world function executed in 47 ms
",2024/09/08/[$LATEST]59a505b33094462ab99d7fec51bb6024
1725804315244,"hello world function executed in 18 ms
",2024/09/08/[$LATEST]59a505b33094462ab99d7fec51bb6024
1725804315265,"hello world function executed in 12 ms
",2024/09/08/[$LATEST]b99ef126f8d240dfb4e8f0fe5dde9f26
1725804315714,"hello world function executed in 52 ms
",2024/09/08/[$LATEST]b99ef126f8d240dfb4e8f0fe5dde9f26
1725804315729,"hello world function executed in 64 ms
",2024/09/08/[$LATEST]59a505b33094462ab99d7fec51bb6024
1725804316167,"hello world function executed in 11 ms
",2024/09/08/[$LATEST]59a505b33094462ab99d7fec51bb6024
1725804316170,"hello world function executed in 15 ms
",2024/09/08/[$LATEST]b99ef126f8d240dfb4e8f0fe5dde9f26
1725804316586,"hello world function executed in 31 ms
",2024/09/08/[$LATEST]59a505b33094462ab99d7fec51bb6024
1725804316589,"hello world function executed in 38 ms
",2024/09/08/[$LATEST]b99ef126f8d240dfb4e8f0fe5dde9f26
1725804316914,"hello world function executed in 18 ms
",2024/09/08/[$LATEST]59a505b33094462ab99d7fec51bb6024
1725804316935,"hello world function executed in 17 ms
",2024/09/08/[$LATEST]b99ef126f8d240dfb4e8f0fe5dde9f26
1725804317308,"hello world function executed in 41 ms
",2024/09/08/[$LATEST]b99ef126f8d240dfb4e8f0fe5dde9f26
1725804320468,"hello world function executed in 14 ms
",2024/09/08/[$LATEST]b99ef126f8d240dfb4e8f0fe5dde9f26
1725804320835,"hello world function executed in 13 ms
",2024/09/08/[$LATEST]59a505b33094462ab99d7fec51bb6024
1725804320847,"hello world function executed in 37 ms
",2024/09/08/[$LATEST]b99ef126f8d240dfb4e8f0fe5dde9f26
1725804321199,"hello world function executed in 14 ms
",2024/09/08/[$LATEST]59a505b33094462ab99d7fec51bb6024
1725804321213,"hello world function executed in 29 ms
",2024/09/08/[$LATEST]b99ef126f8d240dfb4e8f0fe5dde9f26
1725804321533,"hello world function executed in 17 ms
",2024/09/08/[$LATEST]b99ef126f8d240dfb4e8f0fe5dde9f26
1725804321545,"hello world function executed in 16 ms
",2024/09/08/[$LATEST]59a505b33094462ab99d7fec51bb6024
1725804321908,"hello world function executed in 15 ms
",2024/09/08/[$LATEST]b99ef126f8d240dfb4e8f0fe5dde9f26
1725804321912,"hello world function executed in 15 ms
",2024/09/08/[$LATEST]59a505b33094462ab99d7fec51bb6024
1725804322289,"hello world function executed in 42 ms
",2024/09/08/[$LATEST]59a505b33094462ab99d7fec51bb6024
1725804322302,"hello world function executed in 45 ms
",2024/09/08/[$LATEST]b99ef126f8d240dfb4e8f0fe5dde9f26
1725804322598,"hello world function executed in 14 ms
",2024/09/08/[$LATEST]b99ef126f8d240dfb4e8f0fe5dde9f26
1725804322599,"hello world function executed in 13 ms
",2024/09/08/[$LATEST]59a505b33094462ab99d7fec51bb6024
1725804323015,"hello world function executed in 14 ms
",2024/09/08/[$LATEST]b99ef126f8d240dfb4e8f0fe5dde9f26
1725804323016,"hello world function executed in 16 ms
",2024/09/08/[$LATEST]59a505b33094462ab99d7fec51bb6024
1725804323456,"hello world function executed in 39 ms
",2024/09/08/[$LATEST]59a505b33094462ab99d7fec51bb6024
1725804324463,"hello world function executed in 13 ms
",2024/09/08/[$LATEST]59a505b33094462ab99d7fec51bb6024
1725804324980,"hello world function executed in 12 ms
",2024/09/08/[$LATEST]b99ef126f8d240dfb4e8f0fe5dde9f26
1725804324994,"hello world function executed in 18 ms
",2024/09/08/[$LATEST]59a505b33094462ab99d7fec51bb6024
1725804325409,"hello world function executed in 41 ms
",2024/09/08/[$LATEST]59a505b33094462ab99d7fec51bb6024
1725804325491,"hello world function executed in 13 ms
",2024/09/08/[$LATEST]59a505b33094462ab99d7fec51bb6024
1725804325976,"hello world function executed in 25 ms
",2024/09/08/[$LATEST]59a505b33094462ab99d7fec51bb6024
1725804329129,"hello world function executed in 11 ms
",2024/09/08/[$LATEST]59a505b33094462ab99d7fec51bb6024
1725804329490,"hello world function executed in 14 ms
",2024/09/08/[$LATEST]59a505b33094462ab99d7fec51bb6024
1725804329533,"hello world function executed in 51 ms
",2024/09/08/[$LATEST]b99ef126f8d240dfb4e8f0fe5dde9f26
1725804330000,"hello world function executed in 23 ms
",2024/09/08/[$LATEST]59a505b33094462ab99d7fec51bb6024
1725804330029,"hello world function executed in 56 ms
",2024/09/08/[$LATEST]b99ef126f8d240dfb4e8f0fe5dde9f26
1725804330413,"hello world function executed in 41 ms
",2024/09/08/[$LATEST]b99ef126f8d240dfb4e8f0fe5dde9f26
1725804331461,"hello world function executed in 14 ms
",2024/09/08/[$LATEST]b99ef126f8d240dfb4e8f0fe5dde9f26
1725804331820,"hello world function executed in 13 ms
",2024/09/08/[$LATEST]b99ef126f8d240dfb4e8f0fe5dde9f26
1725804331870,"hello world function executed in 53 ms
",2024/09/08/[$LATEST]59a505b33094462ab99d7fec51bb6024
1725804332239,"hello world function executed in 14 ms
",2024/09/08/[$LATEST]59a505b33094462ab99d7fec51bb6024
1725804332243,"hello world function executed in 16 ms
",2024/09/08/[$LATEST]b99ef126f8d240dfb4e8f0fe5dde9f26
1725804332665,"hello world function executed in 13 ms
",2024/09/08/[$LATEST]59a505b33094462ab99d7fec51bb6024
1725804332666,"hello world function executed in 13 ms
",2024/09/08/[$LATEST]b99ef126f8d240dfb4e8f0fe5dde9f26
1725804333007,"hello world function executed in 14 ms
",2024/09/08/[$LATEST]59a505b33094462ab99d7fec51bb6024
1725804333026,"hello world function executed in 33 ms
",2024/09/08/[$LATEST]b99ef126f8d240dfb4e8f0fe5dde9f26
1725804333345,"hello world function executed in 12 ms
",2024/09/08/[$LATEST]b99ef126f8d240dfb4e8f0fe5dde9f26
1725804333349,"hello world function executed in 11 ms
",2024/09/08/[$LATEST]59a505b33094462ab99d7fec51bb6024
1725804333676,"hello world function executed in 26 ms
",2024/09/08/[$LATEST]59a505b33094462ab99d7fec51bb6024
1725804333691,"hello world function executed in 13 ms
",2024/09/08/[$LATEST]b99ef126f8d240dfb4e8f0fe5dde9f26
1725804334002,"hello world function executed in 15 ms
",2024/09/08/[$LATEST]b99ef126f8d240dfb4e8f0fe5dde9f26
1725804334009,"hello world function executed in 13 ms
",2024/09/08/[$LATEST]59a505b33094462ab99d7fec51bb6024
1725804334343,"hello world function executed in 17 ms
",2024/09/08/[$LATEST]59a505b33094462ab99d7fec51bb6024
1725804334385,"hello world function executed in 32 ms
",2024/09/08/[$LATEST]b99ef126f8d240dfb4e8f0fe5dde9f26
1725804334726,"hello world function executed in 12 ms
",2024/09/08/[$LATEST]b99ef126f8d240dfb4e8f0fe5dde9f26
1725804334745,"hello world function executed in 9 ms
",2024/09/08/[$LATEST]59a505b33094462ab99d7fec51bb6024
1725804335098,"hello world function executed in 15 ms
",2024/09/08/[$LATEST]59a505b33094462ab99d7fec51bb6024
1725804335131,"hello world function executed in 46 ms
",2024/09/08/[$LATEST]b99ef126f8d240dfb4e8f0fe5dde9f26
1725804335529,"hello world function executed in 26 ms
",2024/09/08/[$LATEST]b99ef126f8d240dfb4e8f0fe5dde9f26
1725804335549,"hello world function executed in 36 ms
",2024/09/08/[$LATEST]59a505b33094462ab99d7fec51bb6024
1725804336448,"hello world function executed in 13 ms
",2024/09/08/[$LATEST]59a505b33094462ab99d7fec51bb6024
1725804336449,"hello world function executed in 14 ms
",2024/09/08/[$LATEST]b99ef126f8d240dfb4e8f0fe5dde9f26
1725804337389,"hello world function executed in 11 ms
",2024/09/08/[$LATEST]b99ef126f8d240dfb4e8f0fe5dde9f26
1725804337393,"hello world function executed in 15 ms
",2024/09/08/[$LATEST]59a505b33094462ab99d7fec51bb6024
1725804338370,"hello world function executed in 13 ms
",2024/09/08/[$LATEST]59a505b33094462ab99d7fec51bb6024
1725804338371,"hello world function executed in 16 ms
",2024/09/08/[$LATEST]b99ef126f8d240dfb4e8f0fe5dde9f26
1725804339509,"hello world function executed in 14 ms
",2024/09/08/[$LATEST]59a505b33094462ab99d7fec51bb6024
1725804339545,"hello world function executed in 52 ms
",2024/09/08/[$LATEST]b99ef126f8d240dfb4e8f0fe5dde9f26
1725804340539,"hello world function executed in 15 ms
",2024/09/08/[$LATEST]b99ef126f8d240dfb4e8f0fe5dde9f26
1725804340550,"hello world function executed in 17 ms
",2024/09/08/[$LATEST]59a505b33094462ab99d7fec51bb6024
1725804341495,"hello world function executed in 28 ms
",2024/09/08/[$LATEST]b99ef126f8d240dfb4e8f0fe5dde9f26
1725804341513,"hello world function executed in 44 ms
",2024/09/08/[$LATEST]59a505b33094462ab99d7fec51bb6024
1725804342539,"hello world function executed in 22 ms
",2024/09/08/[$LATEST]59a505b33094462ab99d7fec51bb6024
1725804342573,"hello world function executed in 57 ms
",2024/09/08/[$LATEST]b99ef126f8d240dfb4e8f0fe5dde9f26
1725804343390,"hello world function executed in 32 ms
",2024/09/08/[$LATEST]b99ef126f8d240dfb4e8f0fe5dde9f26
1725804346457,"hello world function executed in 16 ms
",2024/09/08/[$LATEST]b99ef126f8d240dfb4e8f0fe5dde9f26
1725804346911,"hello world function executed in 45 ms
",2024/09/08/[$LATEST]b99ef126f8d240dfb4e8f0fe5dde9f26
1725804346929,"hello world function executed in 61 ms
",2024/09/08/[$LATEST]59a505b33094462ab99d7fec51bb6024
1725804347284,"hello world function executed in 13 ms
",2024/09/08/[$LATEST]b99ef126f8d240dfb4e8f0fe5dde9f26
1725804347286,"hello world function executed in 15 ms
",2024/09/08/[$LATEST]59a505b33094462ab99d7fec51bb6024
1725804347609,"hello world function executed in 31 ms
",2024/09/08/[$LATEST]b99ef126f8d240dfb4e8f0fe5dde9f26
1725804347612,"hello world function executed in 36 ms
",2024/09/08/[$LATEST]59a505b33094462ab99d7fec51bb6024
1725804348003,"hello world function executed in 16 ms
",2024/09/08/[$LATEST]b99ef126f8d240dfb4e8f0fe5dde9f26
1725804348016,"hello world function executed in 25 ms
",2024/09/08/[$LATEST]59a505b33094462ab99d7fec51bb6024
1725804348413,"hello world function executed in 15 ms
",2024/09/08/[$LATEST]59a505b33094462ab99d7fec51bb6024
1725804349389,"hello world function executed in 13 ms
",2024/09/08/[$LATEST]59a505b33094462ab99d7fec51bb6024
1725804349711,"hello world function executed in 44 ms
",2024/09/08/[$LATEST]59a505b33094462ab99d7fec51bb6024
1725804349713,"hello world function executed in 39 ms
",2024/09/08/[$LATEST]b99ef126f8d240dfb4e8f0fe5dde9f26
1725804350389,"hello world function executed in 26 ms
",2024/09/08/[$LATEST]b99ef126f8d240dfb4e8f0fe5dde9f26
1725804350456,"hello world function executed in 56 ms
",2024/09/08/[$LATEST]59a505b33094462ab99d7fec51bb6024
1725804351606,"hello world function executed in 17 ms
",2024/09/08/[$LATEST]b99ef126f8d240dfb4e8f0fe5dde9f26
1725804351656,"hello world function executed in 59 ms
",2024/09/08/[$LATEST]59a505b33094462ab99d7fec51bb6024
1725804352397,"hello world function executed in 12 ms
",2024/09/08/[$LATEST]59a505b33094462ab99d7fec51bb6024
1725804352425,"hello world function executed in 33 ms
",2024/09/08/[$LATEST]b99ef126f8d240dfb4e8f0fe5dde9f26
1725804353569,"hello world function executed in 13 ms
",2024/09/08/[$LATEST]b99ef126f8d240dfb4e8f0fe5dde9f26
1725804353572,"hello world function executed in 17 ms
",2024/09/08/[$LATEST]59a505b33094462ab99d7fec51bb6024
1725804354576,"hello world function executed in 34 ms
",2024/09/08/[$LATEST]59a505b33094462ab99d7fec51bb6024
1725804354593,"hello world function executed in 19 ms
",2024/09/08/[$LATEST]b99ef126f8d240dfb4e8f0fe5dde9f26
1725804355369,"hello world function executed in 13 ms
",2024/09/08/[$LATEST]59a505b33094462ab99d7fec51bb6024
1725804355413,"hello world function executed in 57 ms
",2024/09/08/[$LATEST]b99ef126f8d240dfb4e8f0fe5dde9f26
1725804356372,"hello world function executed in 14 ms
",2024/09/08/[$LATEST]59a505b33094462ab99d7fec51bb6024
1725804356386,"hello world function executed in 31 ms
",2024/09/08/[$LATEST]b99ef126f8d240dfb4e8f0fe5dde9f26
1725804357525,"hello world function executed in 20 ms
",2024/09/08/[$LATEST]59a505b33094462ab99d7fec51bb6024
1725804357526,"hello world function executed in 20 ms
",2024/09/08/[$LATEST]b99ef126f8d240dfb4e8f0fe5dde9f26
1725804358463,"hello world function executed in 15 ms
",2024/09/08/[$LATEST]b99ef126f8d240dfb4e8f0fe5dde9f26
1725804358500,"hello world function executed in 48 ms
",2024/09/08/[$LATEST]59a505b33094462ab99d7fec51bb6024
1725804359427,"hello world function executed in 21 ms
",2024/09/08/[$LATEST]b99ef126f8d240dfb4e8f0fe5dde9f26
1725804359430,"hello world function executed in 28 ms
",2024/09/08/[$LATEST]59a505b33094462ab99d7fec51bb6024
1725804360488,"hello world function executed in 16 ms
",2024/09/08/[$LATEST]b99ef126f8d240dfb4e8f0fe5dde9f26
1725804360537,"hello world function executed in 24 ms
",2024/09/08/[$LATEST]b99ef126f8d240dfb4e8f0fe5dde9f26
1725804361422,"hello world function executed in 14 ms
",2024/09/08/[$LATEST]b99ef126f8d240dfb4e8f0fe5dde9f26
1725804361436,"hello world function executed in 20 ms
",2024/09/08/[$LATEST]59a505b33094462ab99d7fec51bb6024
1725804362549,"hello world function executed in 28 ms
",2024/09/08/[$LATEST]b99ef126f8d240dfb4e8f0fe5dde9f26
1725804362570,"hello world function executed in 49 ms
",2024/09/08/[$LATEST]59a505b33094462ab99d7fec51bb6024
1725804363463,"hello world function executed in 12 ms
",2024/09/08/[$LATEST]b99ef126f8d240dfb4e8f0fe5dde9f26
1725804363464,"hello world function executed in 13 ms
",2024/09/08/[$LATEST]59a505b33094462ab99d7fec51bb6024
1725804364604,"hello world function executed in 9 ms
",2024/09/08/[$LATEST]b99ef126f8d240dfb4e8f0fe5dde9f26
1725804364606,"hello world function executed in 14 ms
",2024/09/08/[$LATEST]59a505b33094462ab99d7fec51bb6024
1725804365361,"hello world function executed in 14 ms
",2024/09/08/[$LATEST]59a505b33094462ab99d7fec51bb6024
1725804365382,"hello world function executed in 13 ms
",2024/09/08/[$LATEST]b99ef126f8d240dfb4e8f0fe5dde9f26
1725804366365,"hello world function executed in 12 ms
",2024/09/08/[$LATEST]b99ef126f8d240dfb4e8f0fe5dde9f26
1725804366368,"hello world function executed in 13 ms
",2024/09/08/[$LATEST]59a505b33094462ab99d7fec51bb6024
1725804367455,"hello world function executed in 13 ms
",2024/09/08/[$LATEST]59a505b33094462ab99d7fec51bb6024
1725804367457,"hello world function executed in 14 ms
",2024/09/08/[$LATEST]b99ef126f8d240dfb4e8f0fe5dde9f26
1725804368507,"hello world function executed in 14 ms
",2024/09/08/[$LATEST]b99ef126f8d240dfb4e8f0fe5dde9f26
1725804368516,"hello world function executed in 38 ms
",2024/09/08/[$LATEST]59a505b33094462ab99d7fec51bb6024
1725804369424,"hello world function executed in 11 ms
",2024/09/08/[$LATEST]59a505b33094462ab99d7fec51bb6024
1725804369442,"hello world function executed in 29 ms
",2024/09/08/[$LATEST]b99ef126f8d240dfb4e8f0fe5dde9f26
1725804370373,"hello world function executed in 15 ms
",2024/09/08/[$LATEST]b99ef126f8d240dfb4e8f0fe5dde9f26
1725804370379,"hello world function executed in 16 ms
",2024/09/08/[$LATEST]59a505b33094462ab99d7fec51bb6024
1725804371571,"hello world function executed in 19 ms
",2024/09/08/[$LATEST]b99ef126f8d240dfb4e8f0fe5dde9f26
1725804371576,"hello world function executed in 29 ms
",2024/09/08/[$LATEST]59a505b33094462ab99d7fec51bb6024
1725804372472,"hello world function executed in 14 ms
",2024/09/08/[$LATEST]59a505b33094462ab99d7fec51bb6024
1725804372473,"hello world function executed in 15 ms
",2024/09/08/[$LATEST]b99ef126f8d240dfb4e8f0fe5dde9f26
1725804373489,"hello world function executed in 15 ms
",2024/09/08/[$LATEST]b99ef126f8d240dfb4e8f0fe5dde9f26
1725804373513,"hello world function executed in 15 ms
",2024/09/08/[$LATEST]59a505b33094462ab99d7fec51bb6024
1725804374516,"hello world function executed in 13 ms
",2024/09/08/[$LATEST]59a505b33094462ab99d7fec51bb6024
1725804374530,"hello world function executed in 27 ms
",2024/09/08/[$LATEST]b99ef126f8d240dfb4e8f0fe5dde9f26
1725804375388,"hello world function executed in 13 ms
",2024/09/08/[$LATEST]59a505b33094462ab99d7fec51bb6024
1725804375389,"hello world function executed in 14 ms
",2024/09/08/[$LATEST]b99ef126f8d240dfb4e8f0fe5dde9f26
1725804376378,"hello world function executed in 14 ms
",2024/09/08/[$LATEST]b99ef126f8d240dfb4e8f0fe5dde9f26
1725804379432,"hello world function executed in 14 ms
",2024/09/08/[$LATEST]b99ef126f8d240dfb4e8f0fe5dde9f26
1725804379862,"hello world function executed in 16 ms
",2024/09/08/[$LATEST]59a505b33094462ab99d7fec51bb6024
1725804379873,"hello world function executed in 37 ms
",2024/09/08/[$LATEST]b99ef126f8d240dfb4e8f0fe5dde9f26
1725804380289,"hello world function executed in 27 ms
",2024/09/08/[$LATEST]59a505b33094462ab99d7fec51bb6024
1725804380290,"hello world function executed in 33 ms
",2024/09/08/[$LATEST]b99ef126f8d240dfb4e8f0fe5dde9f26
1725804380686,"hello world function executed in 33 ms
",2024/09/08/[$LATEST]b99ef126f8d240dfb4e8f0fe5dde9f26
1725804380686,"hello world function executed in 32 ms
",2024/09/08/[$LATEST]59a505b33094462ab99d7fec51bb6024
1725804381052,"hello world function executed in 12 ms
",2024/09/08/[$LATEST]b99ef126f8d240dfb4e8f0fe5dde9f26
1725804381054,"hello world function executed in 12 ms
",2024/09/08/[$LATEST]59a505b33094462ab99d7fec51bb6024
1725804381411,"hello world function executed in 32 ms
",2024/09/08/[$LATEST]59a505b33094462ab99d7fec51bb6024
1725804381508,"hello world function executed in 14 ms
",2024/09/08/[$LATEST]59a505b33094462ab99d7fec51bb6024
1725804382379,"hello world function executed in 14 ms
",2024/09/08/[$LATEST]59a505b33094462ab99d7fec51bb6024
1725804382380,"hello world function executed in 13 ms
",2024/09/08/[$LATEST]b99ef126f8d240dfb4e8f0fe5dde9f26
1725804383531,"hello world function executed in 13 ms
",2024/09/08/[$LATEST]b99ef126f8d240dfb4e8f0fe5dde9f26
1725804383552,"hello world function executed in 15 ms
",2024/09/08/[$LATEST]59a505b33094462ab99d7fec51bb6024
1725804384597,"hello world function executed in 14 ms
",2024/09/08/[$LATEST]59a505b33094462ab99d7fec51bb6024
1725804384598,"hello world function executed in 14 ms
",2024/09/08/[$LATEST]b99ef126f8d240dfb4e8f0fe5dde9f26
1725804385410,"hello world function executed in 16 ms
",2024/09/08/[$LATEST]59a505b33094462ab99d7fec51bb6024
1725804385414,"hello world function executed in 56 ms
",2024/09/08/[$LATEST]b99ef126f8d240dfb4e8f0fe5dde9f26
1725804386383,"hello world function executed in 28 ms
",2024/09/08/[$LATEST]b99ef126f8d240dfb4e8f0fe5dde9f26
1725804389582,"hello world function executed in 25 ms
",2024/09/08/[$LATEST]b99ef126f8d240dfb4e8f0fe5dde9f26
1725804389956,"hello world function executed in 14 ms
",2024/09/08/[$LATEST]b99ef126f8d240dfb4e8f0fe5dde9f26
1725804389983,"hello world function executed in 37 ms
",2024/09/08/[$LATEST]59a505b33094462ab99d7fec51bb6024
1725804390408,"hello world function executed in 32 ms
",2024/09/08/[$LATEST]59a505b33094462ab99d7fec51bb6024
1725804391433,"hello world function executed in 37 ms
",2024/09/08/[$LATEST]59a505b33094462ab99d7fec51bb6024
1725804391739,"hello world function executed in 11 ms
",2024/09/08/[$LATEST]b99ef126f8d240dfb4e8f0fe5dde9f26
1725804391739,"hello world function executed in 14 ms
",2024/09/08/[$LATEST]59a505b33094462ab99d7fec51bb6024
1725804392044,"hello world function executed in 13 ms
",2024/09/08/[$LATEST]b99ef126f8d240dfb4e8f0fe5dde9f26
1725804392075,"hello world function executed in 26 ms
",2024/09/08/[$LATEST]59a505b33094462ab99d7fec51bb6024
1725804392374,"hello world function executed in 21 ms
",2024/09/08/[$LATEST]59a505b33094462ab99d7fec51bb6024
1725804392383,"hello world function executed in 14 ms
",2024/09/08/[$LATEST]b99ef126f8d240dfb4e8f0fe5dde9f26
1725804392691,"hello world function executed in 15 ms
",2024/09/08/[$LATEST]59a505b33094462ab99d7fec51bb6024
1725804392708,"hello world function executed in 32 ms
",2024/09/08/[$LATEST]b99ef126f8d240dfb4e8f0fe5dde9f26
1725804393467,"hello world function executed in 16 ms
",2024/09/08/[$LATEST]59a505b33094462ab99d7fec51bb6024
1725804393468,"hello world function executed in 22 ms
",2024/09/08/[$LATEST]b99ef126f8d240dfb4e8f0fe5dde9f26
1725804394590,"hello world function executed in 15 ms
",2024/09/08/[$LATEST]b99ef126f8d240dfb4e8f0fe5dde9f26
1725804395508,"hello world function executed in 24 ms
",2024/09/08/[$LATEST]b99ef126f8d240dfb4e8f0fe5dde9f26
1725804395834,"hello world function executed in 13 ms
",2024/09/08/[$LATEST]b99ef126f8d240dfb4e8f0fe5dde9f26
1725804395854,"hello world function executed in 30 ms
",2024/09/08/[$LATEST]59a505b33094462ab99d7fec51bb6024
1725804396457,"hello world function executed in 14 ms
",2024/09/08/[$LATEST]b99ef126f8d240dfb4e8f0fe5dde9f26
1725804396469,"hello world function executed in 28 ms
",2024/09/08/[$LATEST]59a505b33094462ab99d7fec51bb6024
1725804397398,"hello world function executed in 14 ms
",2024/09/08/[$LATEST]59a505b33094462ab99d7fec51bb6024
1725804397407,"hello world function executed in 24 ms
",2024/09/08/[$LATEST]b99ef126f8d240dfb4e8f0fe5dde9f26
1725804398398,"hello world function executed in 8 ms
",2024/09/08/[$LATEST]b99ef126f8d240dfb4e8f0fe5dde9f26
1725804398402,"hello world function executed in 12 ms
",2024/09/08/[$LATEST]59a505b33094462ab99d7fec51bb6024
1725804399516,"hello world function executed in 14 ms
",2024/09/08/[$LATEST]b99ef126f8d240dfb4e8f0fe5dde9f26
1725804399531,"hello world function executed in 29 ms
",2024/09/08/[$LATEST]59a505b33094462ab99d7fec51bb6024
1725804400493,"hello world function executed in 26 ms
",2024/09/08/[$LATEST]59a505b33094462ab99d7fec51bb6024
1725804400506,"hello world function executed in 33 ms
",2024/09/08/[$LATEST]b99ef126f8d240dfb4e8f0fe5dde9f26
1725804401365,"hello world function executed in 11 ms
",2024/09/08/[$LATEST]b99ef126f8d240dfb4e8f0fe5dde9f26
1725804401392,"hello world function executed in 15 ms
",2024/09/08/[$LATEST]59a505b33094462ab99d7fec51bb6024
1725804402382,"hello world function executed in 14 ms
",2024/09/08/[$LATEST]b99ef126f8d240dfb4e8f0fe5dde9f26
1725804402392,"hello world function executed in 28 ms
",2024/09/08/[$LATEST]59a505b33094462ab99d7fec51bb6024
1725804403436,"hello world function executed in 23 ms
",2024/09/08/[$LATEST]59a505b33094462ab99d7fec51bb6024
1725804404468,"hello world function executed in 56 ms
",2024/09/08/[$LATEST]59a505b33094462ab99d7fec51bb6024
1725804404946,"hello world function executed in 12 ms
",2024/09/08/[$LATEST]b99ef126f8d240dfb4e8f0fe5dde9f26
1725804404967,"hello world function executed in 35 ms
",2024/09/08/[$LATEST]59a505b33094462ab99d7fec51bb6024
1725804405581,"hello world function executed in 16 ms
",2024/09/08/[$LATEST]b99ef126f8d240dfb4e8f0fe5dde9f26
1725804405592,"hello world function executed in 29 ms
",2024/09/08/[$LATEST]59a505b33094462ab99d7fec51bb6024
1725804406531,"hello world function executed in 22 ms
",2024/09/08/[$LATEST]59a505b33094462ab99d7fec51bb6024
1725804406548,"hello world function executed in 34 ms
",2024/09/08/[$LATEST]b99ef126f8d240dfb4e8f0fe5dde9f26
1725804407368,"hello world function executed in 13 ms
",2024/09/08/[$LATEST]59a505b33094462ab99d7fec51bb6024
1725804407387,"hello world function executed in 31 ms
",2024/09/08/[$LATEST]b99ef126f8d240dfb4e8f0fe5dde9f26
1725804408447,"hello world function executed in 11 ms
",2024/09/08/[$LATEST]b99ef126f8d240dfb4e8f0fe5dde9f26
1725804408451,"hello world function executed in 14 ms
",2024/09/08/[$LATEST]59a505b33094462ab99d7fec51bb6024
1725804409441,"hello world function executed in 10 ms
",2024/09/08/[$LATEST]b99ef126f8d240dfb4e8f0fe5dde9f26
1725804409453,"hello world function executed in 22 ms
",2024/09/08/[$LATEST]59a505b33094462ab99d7fec51bb6024
1725804410488,"hello world function executed in 25 ms
",2024/09/08/[$LATEST]b99ef126f8d240dfb4e8f0fe5dde9f26
1725804410510,"hello world function executed in 46 ms
",2024/09/08/[$LATEST]59a505b33094462ab99d7fec51bb6024
1725804411548,"hello world function executed in 10 ms
",2024/09/08/[$LATEST]59a505b33094462ab99d7fec51bb6024
1725804411566,"hello world function executed in 24 ms
",2024/09/08/[$LATEST]b99ef126f8d240dfb4e8f0fe5dde9f26
1725804411573,"hello world function executed in 14 ms
",2024/09/08/[$LATEST]59a505b33094462ab99d7fec51bb6024
1725804412415,"hello world function executed in 13 ms
",2024/09/08/[$LATEST]59a505b33094462ab99d7fec51bb6024
1725804412516,"hello world function executed in 14 ms
",2024/09/08/[$LATEST]59a505b33094462ab99d7fec51bb6024
1725804412530,"hello world function executed in 12 ms
",2024/09/08/[$LATEST]b99ef126f8d240dfb4e8f0fe5dde9f26
1725804413387,"hello world function executed in 12 ms
",2024/09/08/[$LATEST]b99ef126f8d240dfb4e8f0fe5dde9f26
1725804413412,"hello world function executed in 13 ms
",2024/09/08/[$LATEST]b99ef126f8d240dfb4e8f0fe5dde9f26
1725804413438,"hello world function executed in 41 ms
",2024/09/08/[$LATEST]59a505b33094462ab99d7fec51bb6024
1725804420160,"hello world function executed in 317 ms
",2024/09/08/[$LATEST]f24a16abe7cd484fb1db076791d3698e
1725804420645,"hello world function executed in 53 ms
",2024/09/08/[$LATEST]f24a16abe7cd484fb1db076791d3698e
1725804420729,"hello world function executed in 18 ms
",2024/09/08/[$LATEST]b99ef126f8d240dfb4e8f0fe5dde9f26
1725804420743,"hello world function executed in 30 ms
",2024/09/08/[$LATEST]59a505b33094462ab99d7fec51bb6024
1725804420744,"hello world function executed in 42 ms
",2024/09/08/[$LATEST]f24a16abe7cd484fb1db076791d3698e
1725804421112,"hello world function executed in 13 ms
",2024/09/08/[$LATEST]59a505b33094462ab99d7fec51bb6024
1725804421113,"hello world function executed in 14 ms
",2024/09/08/[$LATEST]b99ef126f8d240dfb4e8f0fe5dde9f26
1725804421143,"hello world function executed in 41 ms
",2024/09/08/[$LATEST]f24a16abe7cd484fb1db076791d3698e
1725804427996,"hello world function executed in 280 ms
",2024/09/08/[$LATEST]5af44ca2e6044cce82050adb2e59eb03
1725804428190,"hello world function executed in 16 ms
",2024/09/08/[$LATEST]5af44ca2e6044cce82050adb2e59eb03
1725804428696,"hello world function executed in 13 ms
",2024/09/08/[$LATEST]f24a16abe7cd484fb1db076791d3698e
1725804428731,"hello world function executed in 47 ms
",2024/09/08/[$LATEST]59a505b33094462ab99d7fec51bb6024
1725804428734,"hello world function executed in 56 ms
",2024/09/08/[$LATEST]5af44ca2e6044cce82050adb2e59eb03
1725804428775,"hello world function executed in 62 ms
",2024/09/08/[$LATEST]b99ef126f8d240dfb4e8f0fe5dde9f26
1725804431572,"hello world function executed in 25 ms
",2024/09/08/[$LATEST]b99ef126f8d240dfb4e8f0fe5dde9f26
1725804431996,"hello world function executed in 16 ms
",2024/09/08/[$LATEST]b99ef126f8d240dfb4e8f0fe5dde9f26
1725804432003,"hello world function executed in 14 ms
",2024/09/08/[$LATEST]59a505b33094462ab99d7fec51bb6024
1725804432015,"hello world function executed in 13 ms
",2024/09/08/[$LATEST]f24a16abe7cd484fb1db076791d3698e
1725804432025,"hello world function executed in 9 ms
",2024/09/08/[$LATEST]59a505b33094462ab99d7fec51bb6024
1725804432029,"hello world function executed in 23 ms
",2024/09/08/[$LATEST]b99ef126f8d240dfb4e8f0fe5dde9f26
1725804432040,"hello world function executed in 46 ms
",2024/09/08/[$LATEST]5af44ca2e6044cce82050adb2e59eb03
1725804432495,"hello world function executed in 11 ms
",2024/09/08/[$LATEST]59a505b33094462ab99d7fec51bb6024
1725804432504,"hello world function executed in 15 ms
",2024/09/08/[$LATEST]f24a16abe7cd484fb1db076791d3698e
1725804432506,"hello world function executed in 22 ms
",2024/09/08/[$LATEST]b99ef126f8d240dfb4e8f0fe5dde9f26
1725804432510,"hello world function executed in 16 ms
",2024/09/08/[$LATEST]5af44ca2e6044cce82050adb2e59eb03
1725804439351,"hello world function executed in 281 ms
",2024/09/08/[$LATEST]9a310cdd117a479db5d90e4e15386922
1725804439693,"hello world function executed in 300 ms
",2024/09/08/[$LATEST]da744eb3cd954747a62f4664d63098a8
1725804440084,"hello world function executed in 15 ms
",2024/09/08/[$LATEST]da744eb3cd954747a62f4664d63098a8
1725804440112,"hello world function executed in 22 ms
",2024/09/08/[$LATEST]59a505b33094462ab99d7fec51bb6024
1725804440120,"hello world function executed in 18 ms
",2024/09/08/[$LATEST]da744eb3cd954747a62f4664d63098a8
1725804440124,"hello world function executed in 53 ms
",2024/09/08/[$LATEST]9a310cdd117a479db5d90e4e15386922
1725804440135,"hello world function executed in 40 ms
",2024/09/08/[$LATEST]5af44ca2e6044cce82050adb2e59eb03
1725804440144,"hello world function executed in 41 ms
",2024/09/08/[$LATEST]f24a16abe7cd484fb1db076791d3698e
1725804440145,"hello world function executed in 58 ms
",2024/09/08/[$LATEST]b99ef126f8d240dfb4e8f0fe5dde9f26
1725804440468,"hello world function executed in 21 ms
",2024/09/08/[$LATEST]b99ef126f8d240dfb4e8f0fe5dde9f26
1725804440468,"hello world function executed in 12 ms
",2024/09/08/[$LATEST]5af44ca2e6044cce82050adb2e59eb03
1725804440488,"hello world function executed in 20 ms
",2024/09/08/[$LATEST]59a505b33094462ab99d7fec51bb6024
1725804440510,"hello world function executed in 49 ms
",2024/09/08/[$LATEST]9a310cdd117a479db5d90e4e15386922
1725804440516,"hello world function executed in 59 ms
",2024/09/08/[$LATEST]f24a16abe7cd484fb1db076791d3698e
1725804440523,"hello world function executed in 51 ms
",2024/09/08/[$LATEST]da744eb3cd954747a62f4664d63098a8
1725804443727,"hello world function executed in 14 ms
",2024/09/08/[$LATEST]da744eb3cd954747a62f4664d63098a8
1725804444088,"hello world function executed in 12 ms
",2024/09/08/[$LATEST]da744eb3cd954747a62f4664d63098a8
1725804444090,"hello world function executed in 9 ms
",2024/09/08/[$LATEST]f24a16abe7cd484fb1db076791d3698e
1725804444267,"hello world function executed in 14 ms
",2024/09/08/[$LATEST]da744eb3cd954747a62f4664d63098a8
1725804444282,"hello world function executed in 20 ms
",2024/09/08/[$LATEST]f24a16abe7cd484fb1db076791d3698e
1725804444284,"hello world function executed in 10 ms
",2024/09/08/[$LATEST]b99ef126f8d240dfb4e8f0fe5dde9f26
1725804444289,"hello world function executed in 16 ms
",2024/09/08/[$LATEST]59a505b33094462ab99d7fec51bb6024
1725804444323,"hello world function executed in 54 ms
",2024/09/08/[$LATEST]9a310cdd117a479db5d90e4e15386922
1725804444334,"hello world function executed in 59 ms
",2024/09/08/[$LATEST]5af44ca2e6044cce82050adb2e59eb03
1725804444771,"hello world function executed in 10 ms
",2024/09/08/[$LATEST]59a505b33094462ab99d7fec51bb6024
1725804444786,"hello world function executed in 13 ms
",2024/09/08/[$LATEST]b99ef126f8d240dfb4e8f0fe5dde9f26
1725804444794,"hello world function executed in 37 ms
",2024/09/08/[$LATEST]5af44ca2e6044cce82050adb2e59eb03
1725804444802,"hello world function executed in 18 ms
",2024/09/08/[$LATEST]59a505b33094462ab99d7fec51bb6024
1725804444822,"hello world function executed in 40 ms
",2024/09/08/[$LATEST]f24a16abe7cd484fb1db076791d3698e
1725804444823,"hello world function executed in 54 ms
",2024/09/08/[$LATEST]9a310cdd117a479db5d90e4e15386922
1725804444844,"hello world function executed in 51 ms
",2024/09/08/[$LATEST]da744eb3cd954747a62f4664d63098a8
1725804445708,"hello world function executed in 29 ms
",2024/09/08/[$LATEST]da744eb3cd954747a62f4664d63098a8
1725804446030,"hello world function executed in 16 ms
",2024/09/08/[$LATEST]9a310cdd117a479db5d90e4e15386922
1725804446064,"hello world function executed in 49 ms
",2024/09/08/[$LATEST]da744eb3cd954747a62f4664d63098a8
1725804446067,"hello world function executed in 15 ms
",2024/09/08/[$LATEST]59a505b33094462ab99d7fec51bb6024
1725804446072,"hello world function executed in 15 ms
",2024/09/08/[$LATEST]b99ef126f8d240dfb4e8f0fe5dde9f26
1725804446083,"hello world function executed in 61 ms
",2024/09/08/[$LATEST]f24a16abe7cd484fb1db076791d3698e
1725804446089,"hello world function executed in 15 ms
",2024/09/08/[$LATEST]5af44ca2e6044cce82050adb2e59eb03
1725804446094,"hello world function executed in 15 ms
",2024/09/08/[$LATEST]da744eb3cd954747a62f4664d63098a8
1725804446110,"hello world function executed in 58 ms
",2024/09/08/[$LATEST]9a310cdd117a479db5d90e4e15386922
1725804447060,"hello world function executed in 51 ms
",2024/09/08/[$LATEST]9a310cdd117a479db5d90e4e15386922
1725804447562,"hello world function executed in 13 ms
",2024/09/08/[$LATEST]9a310cdd117a479db5d90e4e15386922
1725804447586,"hello world function executed in 17 ms
",2024/09/08/[$LATEST]59a505b33094462ab99d7fec51bb6024
1725804447588,"hello world function executed in 18 ms
",2024/09/08/[$LATEST]b99ef126f8d240dfb4e8f0fe5dde9f26
1725804447602,"hello world function executed in 40 ms
",2024/09/08/[$LATEST]f24a16abe7cd484fb1db076791d3698e
1725804447612,"hello world function executed in 53 ms
",2024/09/08/[$LATEST]da744eb3cd954747a62f4664d63098a8
1725804447615,"hello world function executed in 41 ms
",2024/09/08/[$LATEST]5af44ca2e6044cce82050adb2e59eb03
1725804447643,"hello world function executed in 54 ms
",2024/09/08/[$LATEST]9a310cdd117a479db5d90e4e15386922
1725804448460,"hello world function executed in 12 ms
",2024/09/08/[$LATEST]9a310cdd117a479db5d90e4e15386922
1725804454763,"hello world function executed in 302 ms
",2024/09/08/[$LATEST]38690b9b63484d3b907d28934f08c790
1725804455133,"hello world function executed in 35 ms
",2024/09/08/[$LATEST]38690b9b63484d3b907d28934f08c790
1725804455173,"hello world function executed in 21 ms
",2024/09/08/[$LATEST]b99ef126f8d240dfb4e8f0fe5dde9f26
1725804455176,"hello world function executed in 44 ms
",2024/09/08/[$LATEST]9a310cdd117a479db5d90e4e15386922
1725804455176,"hello world function executed in 20 ms
",2024/09/08/[$LATEST]59a505b33094462ab99d7fec51bb6024
1725804455196,"hello world function executed in 12 ms
",2024/09/08/[$LATEST]b99ef126f8d240dfb4e8f0fe5dde9f26
1725804455204,"hello world function executed in 54 ms
",2024/09/08/[$LATEST]38690b9b63484d3b907d28934f08c790
1725804455209,"hello world function executed in 53 ms
",2024/09/08/[$LATEST]5af44ca2e6044cce82050adb2e59eb03
1725804455218,"hello world function executed in 62 ms
",2024/09/08/[$LATEST]da744eb3cd954747a62f4664d63098a8
1725804455242,"hello world function executed in 80 ms
",2024/09/08/[$LATEST]f24a16abe7cd484fb1db076791d3698e
1725804461738,"hello world function executed in 261 ms
",2024/09/08/[$LATEST]b1be3f04a84048d48984950215671039
1725804462282,"hello world function executed in 14 ms
",2024/09/08/[$LATEST]b1be3f04a84048d48984950215671039
1725804462310,"hello world function executed in 24 ms
",2024/09/08/[$LATEST]59a505b33094462ab99d7fec51bb6024
1725804462322,"hello world function executed in 38 ms
",2024/09/08/[$LATEST]f24a16abe7cd484fb1db076791d3698e
1725804462325,"hello world function executed in 42 ms
",2024/09/08/[$LATEST]da744eb3cd954747a62f4664d63098a8
1725804462328,"hello world function executed in 39 ms
",2024/09/08/[$LATEST]9a310cdd117a479db5d90e4e15386922
1725804462333,"hello world function executed in 39 ms
",2024/09/08/[$LATEST]b99ef126f8d240dfb4e8f0fe5dde9f26
1725804462341,"hello world function executed in 55 ms
",2024/09/08/[$LATEST]38690b9b63484d3b907d28934f08c790
1725804462355,"hello world function executed in 59 ms
",2024/09/08/[$LATEST]5af44ca2e6044cce82050adb2e59eb03
1725804469016,"hello world function executed in 281 ms
",2024/09/08/[$LATEST]b2d5f66e7b124b1b9a74b7516f7fc948
1725804469586,"hello world function executed in 12 ms
",2024/09/08/[$LATEST]b2d5f66e7b124b1b9a74b7516f7fc948
1725804469615,"hello world function executed in 8 ms
",2024/09/08/[$LATEST]f24a16abe7cd484fb1db076791d3698e
1725804469616,"hello world function executed in 13 ms
",2024/09/08/[$LATEST]38690b9b63484d3b907d28934f08c790
1725804469634,"hello world function executed in 37 ms
",2024/09/08/[$LATEST]5af44ca2e6044cce82050adb2e59eb03
1725804469635,"hello world function executed in 35 ms
",2024/09/08/[$LATEST]b99ef126f8d240dfb4e8f0fe5dde9f26
1725804469636,"hello world function executed in 23 ms
",2024/09/08/[$LATEST]59a505b33094462ab99d7fec51bb6024
1725804469645,"hello world function executed in 45 ms
",2024/09/08/[$LATEST]da744eb3cd954747a62f4664d63098a8
1725804469648,"hello world function executed in 40 ms
",2024/09/08/[$LATEST]9a310cdd117a479db5d90e4e15386922
1725804469654,"hello world function executed in 56 ms
",2024/09/08/[$LATEST]b2d5f66e7b124b1b9a74b7516f7fc948
1725804469668,"hello world function executed in 47 ms
",2024/09/08/[$LATEST]b1be3f04a84048d48984950215671039
1725804470077,"hello world function executed in 17 ms
",2024/09/08/[$LATEST]b2d5f66e7b124b1b9a74b7516f7fc948
1725804470083,"hello world function executed in 26 ms
",2024/09/08/[$LATEST]b1be3f04a84048d48984950215671039
1725804470102,"hello world function executed in 16 ms
",2024/09/08/[$LATEST]59a505b33094462ab99d7fec51bb6024
1725804470105,"hello world function executed in 18 ms
",2024/09/08/[$LATEST]b99ef126f8d240dfb4e8f0fe5dde9f26
1725804470105,"hello world function executed in 9 ms
",2024/09/08/[$LATEST]f24a16abe7cd484fb1db076791d3698e
1725804470106,"hello world function executed in 18 ms
",2024/09/08/[$LATEST]5af44ca2e6044cce82050adb2e59eb03
1725804470108,"hello world function executed in 35 ms
",2024/09/08/[$LATEST]9a310cdd117a479db5d90e4e15386922
1725804470116,"hello world function executed in 20 ms
",2024/09/08/[$LATEST]38690b9b63484d3b907d28934f08c790
1725804470123,"hello world function executed in 30 ms
",2024/09/08/[$LATEST]da744eb3cd954747a62f4664d63098a8
1725804470155,"hello world function executed in 57 ms
",2024/09/08/[$LATEST]b2d5f66e7b124b1b9a74b7516f7fc948
1725804473114,"hello world function executed in 40 ms
",2024/09/08/[$LATEST]b2d5f66e7b124b1b9a74b7516f7fc948
1725804473554,"hello world function executed in 18 ms
",2024/09/08/[$LATEST]b2d5f66e7b124b1b9a74b7516f7fc948
1725804473578,"hello world function executed in 6 ms
",2024/09/08/[$LATEST]59a505b33094462ab99d7fec51bb6024
1725804473579,"hello world function executed in 39 ms
",2024/09/08/[$LATEST]da744eb3cd954747a62f4664d63098a8
1725804473593,"hello world function executed in 20 ms
",2024/09/08/[$LATEST]b99ef126f8d240dfb4e8f0fe5dde9f26
1725804473610,"hello world function executed in 39 ms
",2024/09/08/[$LATEST]9a310cdd117a479db5d90e4e15386922
1725804473611,"hello world function executed in 38 ms
",2024/09/08/[$LATEST]f24a16abe7cd484fb1db076791d3698e
1725804473614,"hello world function executed in 55 ms
",2024/09/08/[$LATEST]38690b9b63484d3b907d28934f08c790
1725804473615,"hello world function executed in 41 ms
",2024/09/08/[$LATEST]5af44ca2e6044cce82050adb2e59eb03
1725804473616,"hello world function executed in 29 ms
",2024/09/08/[$LATEST]59a505b33094462ab99d7fec51bb6024
1725804473634,"hello world function executed in 59 ms
",2024/09/08/[$LATEST]b2d5f66e7b124b1b9a74b7516f7fc948
1725804473636,"hello world function executed in 59 ms
",2024/09/08/[$LATEST]b1be3f04a84048d48984950215671039
1725804473990,"hello world function executed in 53 ms
",2024/09/08/[$LATEST]b1be3f04a84048d48984950215671039
1725804474064,"hello world function executed in 12 ms
",2024/09/08/[$LATEST]f24a16abe7cd484fb1db076791d3698e
1725804474074,"hello world function executed in 9 ms
",2024/09/08/[$LATEST]da744eb3cd954747a62f4664d63098a8
1725804474078,"hello world function executed in 15 ms
",2024/09/08/[$LATEST]38690b9b63484d3b907d28934f08c790
1725804474082,"hello world function executed in 45 ms
",2024/09/08/[$LATEST]b1be3f04a84048d48984950215671039
1725804474086,"hello world function executed in 23 ms
",2024/09/08/[$LATEST]b99ef126f8d240dfb4e8f0fe5dde9f26
1725804474089,"hello world function executed in 32 ms
",2024/09/08/[$LATEST]59a505b33094462ab99d7fec51bb6024
1725804474099,"hello world function executed in 37 ms
",2024/09/08/[$LATEST]9a310cdd117a479db5d90e4e15386922
1725804474107,"hello world function executed in 67 ms
",2024/09/08/[$LATEST]b2d5f66e7b124b1b9a74b7516f7fc948
1725804474109,"hello world function executed in 47 ms
",2024/09/08/[$LATEST]5af44ca2e6044cce82050adb2e59eb03
1725804475105,"hello world function executed in 11 ms
",2024/09/08/[$LATEST]5af44ca2e6044cce82050adb2e59eb03
1725804481130,"hello world function executed in 314 ms
",2024/09/08/[$LATEST]8d78d2dd77a4449e81c7cd76cfc6bafc
1725804481554,"hello world function executed in 43 ms
",2024/09/08/[$LATEST]5af44ca2e6044cce82050adb2e59eb03
1725804481572,"hello world function executed in 61 ms
",2024/09/08/[$LATEST]8d78d2dd77a4449e81c7cd76cfc6bafc
1725804481573,"hello world function executed in 20 ms
",2024/09/08/[$LATEST]b99ef126f8d240dfb4e8f0fe5dde9f26
1725804481574,"hello world function executed in 30 ms
",2024/09/08/[$LATEST]59a505b33094462ab99d7fec51bb6024
1725804481594,"hello world function executed in 40 ms
",2024/09/08/[$LATEST]b2d5f66e7b124b1b9a74b7516f7fc948
1725804481604,"hello world function executed in 56 ms
",2024/09/08/[$LATEST]9a310cdd117a479db5d90e4e15386922
1725804481609,"hello world function executed in 52 ms
",2024/09/08/[$LATEST]b1be3f04a84048d48984950215671039
1725804481613,"hello world function executed in 38 ms
",2024/09/08/[$LATEST]da744eb3cd954747a62f4664d63098a8
1725804481624,"hello world function executed in 61 ms
",2024/09/08/[$LATEST]38690b9b63484d3b907d28934f08c790
1725804488679,"hello world function executed in 71 ms
",2024/09/08/[$LATEST]38690b9b63484d3b907d28934f08c790
1725804488988,"hello world function executed in 10 ms
",2024/09/08/[$LATEST]b1be3f04a84048d48984950215671039
1725804488996,"hello world function executed in 14 ms
",2024/09/08/[$LATEST]38690b9b63484d3b907d28934f08c790
1725804489001,"hello world function executed in 12 ms
",2024/09/08/[$LATEST]9a310cdd117a479db5d90e4e15386922
1725804489012,"hello world function executed in 37 ms
",2024/09/08/[$LATEST]da744eb3cd954747a62f4664d63098a8
1725804489013,"hello world function executed in 16 ms
",2024/09/08/[$LATEST]59a505b33094462ab99d7fec51bb6024
1725804489022,"hello world function executed in 13 ms
",2024/09/08/[$LATEST]b99ef126f8d240dfb4e8f0fe5dde9f26
1725804489030,"hello world function executed in 12 ms
",2024/09/08/[$LATEST]b1be3f04a84048d48984950215671039
1725804489048,"hello world function executed in 50 ms
",2024/09/08/[$LATEST]b2d5f66e7b124b1b9a74b7516f7fc948
1725804489064,"hello world function executed in 41 ms
",2024/09/08/[$LATEST]38690b9b63484d3b907d28934f08c790
1725804489071,"hello world function executed in 58 ms
",2024/09/08/[$LATEST]8d78d2dd77a4449e81c7cd76cfc6bafc
1725804489404,"hello world function executed in 14 ms
",2024/09/08/[$LATEST]8d78d2dd77a4449e81c7cd76cfc6bafc
1725804489414,"hello world function executed in 10 ms
",2024/09/08/[$LATEST]b2d5f66e7b124b1b9a74b7516f7fc948
1725804489415,"hello world function executed in 7 ms
",2024/09/08/[$LATEST]59a505b33094462ab99d7fec51bb6024
1725804489415,"hello world function executed in 11 ms
",2024/09/08/[$LATEST]b99ef126f8d240dfb4e8f0fe5dde9f26
1725804489417,"hello world function executed in 12 ms
",2024/09/08/[$LATEST]b1be3f04a84048d48984950215671039
1725804489424,"hello world function executed in 11 ms
",2024/09/08/[$LATEST]da744eb3cd954747a62f4664d63098a8
1725804489431,"hello world function executed in 13 ms
",2024/09/08/[$LATEST]9a310cdd117a479db5d90e4e15386922
1725804489435,"hello world function executed in 53 ms
",2024/09/08/[$LATEST]38690b9b63484d3b907d28934f08c790
1725804489448,"hello world function executed in 15 ms
",2024/09/08/[$LATEST]8d78d2dd77a4449e81c7cd76cfc6bafc
1725804489465,"hello world function executed in 12 ms
",2024/09/08/[$LATEST]da744eb3cd954747a62f4664d63098a8
1725804489474,"hello world function executed in 22 ms
",2024/09/08/[$LATEST]b1be3f04a84048d48984950215671039
1725804489474,"hello world function executed in 22 ms
",2024/09/08/[$LATEST]38690b9b63484d3b907d28934f08c790
1725804489488,"hello world function executed in 36 ms
",2024/09/08/[$LATEST]9a310cdd117a479db5d90e4e15386922
1725804490465,"hello world function executed in 37 ms
",2024/09/08/[$LATEST]9a310cdd117a479db5d90e4e15386922
1725804490865,"hello world function executed in 41 ms
",2024/09/08/[$LATEST]9a310cdd117a479db5d90e4e15386922
1725804490954,"hello world function executed in 13 ms
",2024/09/08/[$LATEST]da744eb3cd954747a62f4664d63098a8
1725804490960,"hello world function executed in 14 ms
",2024/09/08/[$LATEST]b99ef126f8d240dfb4e8f0fe5dde9f26
1725804490968,"hello world function executed in 31 ms
",2024/09/08/[$LATEST]9a310cdd117a479db5d90e4e15386922
1725804490971,"hello world function executed in 19 ms
",2024/09/08/[$LATEST]59a505b33094462ab99d7fec51bb6024
1725804490973,"hello world function executed in 30 ms
",2024/09/08/[$LATEST]8d78d2dd77a4449e81c7cd76cfc6bafc
1725804490997,"hello world function executed in 40 ms
",2024/09/08/[$LATEST]b1be3f04a84048d48984950215671039
1725804491003,"hello world function executed in 61 ms
",2024/09/08/[$LATEST]38690b9b63484d3b907d28934f08c790
1725804493869,"hello world function executed in 12 ms
",2024/09/08/[$LATEST]b1be3f04a84048d48984950215671039
1725804493902,"hello world function executed in 60 ms
",2024/09/08/[$LATEST]38690b9b63484d3b907d28934f08c790
1725804494191,"hello world function executed in 10 ms
",2024/09/08/[$LATEST]38690b9b63484d3b907d28934f08c790
1725804494208,"hello world function executed in 14 ms
",2024/09/08/[$LATEST]9a310cdd117a479db5d90e4e15386922
1725804494226,"hello world function executed in 31 ms
",2024/09/08/[$LATEST]59a505b33094462ab99d7fec51bb6024
1725804494232,"hello world function executed in 43 ms
",2024/09/08/[$LATEST]b1be3f04a84048d48984950215671039
1725804494236,"hello world function executed in 7 ms
",2024/09/08/[$LATEST]9a310cdd117a479db5d90e4e15386922
1725804494236,"hello world function executed in 15 ms
",2024/09/08/[$LATEST]38690b9b63484d3b907d28934f08c790
1725804494248,"hello world function executed in 10 ms
",2024/09/08/[$LATEST]59a505b33094462ab99d7fec51bb6024
1725804494262,"hello world function executed in 32 ms
",2024/09/08/[$LATEST]b99ef126f8d240dfb4e8f0fe5dde9f26
1725804494263,"hello world function executed in 14 ms
",2024/09/08/[$LATEST]9a310cdd117a479db5d90e4e15386922
1725804494265,"hello world function executed in 53 ms
",2024/09/08/[$LATEST]8d78d2dd77a4449e81c7cd76cfc6bafc
1725804494269,"hello world function executed in 13 ms
",2024/09/08/[$LATEST]5af44ca2e6044cce82050adb2e59eb03
1725804494274,"hello world function executed in 20 ms
",2024/09/08/[$LATEST]b2d5f66e7b124b1b9a74b7516f7fc948
1725804494277,"hello world function executed in 15 ms
",2024/09/08/[$LATEST]38690b9b63484d3b907d28934f08c790
1725804494287,"hello world function executed in 46 ms
",2024/09/08/[$LATEST]da744eb3cd954747a62f4664d63098a8
1725804494592,"hello world function executed in 14 ms
",2024/09/08/[$LATEST]da744eb3cd954747a62f4664d63098a8
1725804494614,"hello world function executed in 11 ms
",2024/09/08/[$LATEST]5af44ca2e6044cce82050adb2e59eb03
1725804494635,"hello world function executed in 8 ms
",2024/09/08/[$LATEST]5af44ca2e6044cce82050adb2e59eb03
1725804494638,"hello world function executed in 35 ms
",2024/09/08/[$LATEST]da744eb3cd954747a62f4664d63098a8
1725804494642,"hello world function executed in 41 ms
",2024/09/08/[$LATEST]38690b9b63484d3b907d28934f08c790
1725804494648,"hello world function executed in 13 ms
",2024/09/08/[$LATEST]59a505b33094462ab99d7fec51bb6024
1725804494650,"hello world function executed in 15 ms
",2024/09/08/[$LATEST]9a310cdd117a479db5d90e4e15386922
1725804494671,"hello world function executed in 34 ms
",2024/09/08/[$LATEST]b99ef126f8d240dfb4e8f0fe5dde9f26
1725804494674,"hello world function executed in 38 ms
",2024/09/08/[$LATEST]b2d5f66e7b124b1b9a74b7516f7fc948
1725804494677,"hello world function executed in 39 ms
",2024/09/08/[$LATEST]b1be3f04a84048d48984950215671039
1725804494690,"hello world function executed in 40 ms
",2024/09/08/[$LATEST]8d78d2dd77a4449e81c7cd76cfc6bafc
1725804495624,"hello world function executed in 13 ms
",2024/09/08/[$LATEST]8d78d2dd77a4449e81c7cd76cfc6bafc
1725804495645,"hello world function executed in 48 ms
",2024/09/08/[$LATEST]b1be3f04a84048d48984950215671039
1725804495937,"hello world function executed in 18 ms
",2024/09/08/[$LATEST]b1be3f04a84048d48984950215671039
1725804495956,"hello world function executed in 24 ms
",2024/09/08/[$LATEST]8d78d2dd77a4449e81c7cd76cfc6bafc
1725804495990,"hello world function executed in 7 ms
",2024/09/08/[$LATEST]da744eb3cd954747a62f4664d63098a8
1725804496004,"hello world function executed in 9 ms
",2024/09/08/[$LATEST]59a505b33094462ab99d7fec51bb6024
1725804496011,"hello world function executed in 27 ms
",2024/09/08/[$LATEST]b99ef126f8d240dfb4e8f0fe5dde9f26
1725804496023,"hello world function executed in 35 ms
",2024/09/08/[$LATEST]9a310cdd117a479db5d90e4e15386922
1725804496027,"hello world function executed in 33 ms
",2024/09/08/[$LATEST]5af44ca2e6044cce82050adb2e59eb03
1725804496031,"hello world function executed in 34 ms
",2024/09/08/[$LATEST]b1be3f04a84048d48984950215671039
1725804496035,"hello world function executed in 52 ms
",2024/09/08/[$LATEST]b2d5f66e7b124b1b9a74b7516f7fc948
1725804496036,"hello world function executed in 40 ms
",2024/09/08/[$LATEST]38690b9b63484d3b907d28934f08c790
1725804496058,"hello world function executed in 55 ms
",2024/09/08/[$LATEST]f24a16abe7cd484fb1db076791d3698e
1725804496109,"hello world function executed in 136 ms
",2024/09/08/[$LATEST]8d78d2dd77a4449e81c7cd76cfc6bafc
1725804497048,"hello world function executed in 43 ms
",2024/09/08/[$LATEST]8d78d2dd77a4449e81c7cd76cfc6bafc
1725804519530,"hello world function executed in 18 ms
",2024/09/08/[$LATEST]8d78d2dd77a4449e81c7cd76cfc6bafc
1725804520067,"hello world function executed in 15 ms
",2024/09/08/[$LATEST]b99ef126f8d240dfb4e8f0fe5dde9f26
1725804520073,"hello world function executed in 29 ms
",2024/09/08/[$LATEST]38690b9b63484d3b907d28934f08c790
1725804520095,"hello world function executed in 41 ms
",2024/09/08/[$LATEST]5af44ca2e6044cce82050adb2e59eb03
1725804520097,"hello world function executed in 55 ms
",2024/09/08/[$LATEST]f24a16abe7cd484fb1db076791d3698e
1725804520106,"hello world function executed in 52 ms
",2024/09/08/[$LATEST]59a505b33094462ab99d7fec51bb6024
1725804520107,"hello world function executed in 68 ms
",2024/09/08/[$LATEST]b1be3f04a84048d48984950215671039
1725804520107,"hello world function executed in 51 ms
",2024/09/08/[$LATEST]da744eb3cd954747a62f4664d63098a8
1725804520121,"hello world function executed in 67 ms
",2024/09/08/[$LATEST]b2d5f66e7b124b1b9a74b7516f7fc948
1725804520124,"hello world function executed in 73 ms
",2024/09/08/[$LATEST]8d78d2dd77a4449e81c7cd76cfc6bafc
1725804520133,"hello world function executed in 83 ms
",2024/09/08/[$LATEST]9a310cdd117a479db5d90e4e15386922
1725804520488,"hello world function executed in 25 ms
",2024/09/08/[$LATEST]9a310cdd117a479db5d90e4e15386922
1725804520501,"hello world function executed in 36 ms
",2024/09/08/[$LATEST]b2d5f66e7b124b1b9a74b7516f7fc948
1725804520503,"hello world function executed in 25 ms
",2024/09/08/[$LATEST]59a505b33094462ab99d7fec51bb6024
1725804520510,"hello world function executed in 47 ms
",2024/09/08/[$LATEST]8d78d2dd77a4449e81c7cd76cfc6bafc
1725804520516,"hello world function executed in 39 ms
",2024/09/08/[$LATEST]b1be3f04a84048d48984950215671039
1725804520518,"hello world function executed in 36 ms
",2024/09/08/[$LATEST]f24a16abe7cd484fb1db076791d3698e
1725804520521,"hello world function executed in 35 ms
",2024/09/08/[$LATEST]5af44ca2e6044cce82050adb2e59eb03
1725804520524,"hello world function executed in 48 ms
",2024/09/08/[$LATEST]da744eb3cd954747a62f4664d63098a8
1725804520525,"hello world function executed in 19 ms
",2024/09/08/[$LATEST]b99ef126f8d240dfb4e8f0fe5dde9f26
1725804520528,"hello world function executed in 16 ms
",2024/09/08/[$LATEST]9a310cdd117a479db5d90e4e15386922
1725804520542,"hello world function executed in 50 ms
",2024/09/08/[$LATEST]38690b9b63484d3b907d28934f08c790
1725804521654,"hello world function executed in 13 ms
",2024/09/08/[$LATEST]38690b9b63484d3b907d28934f08c790
1725804521677,"hello world function executed in 8 ms
",2024/09/08/[$LATEST]9a310cdd117a479db5d90e4e15386922
1725804521941,"hello world function executed in 13 ms
",2024/09/08/[$LATEST]9a310cdd117a479db5d90e4e15386922
1725804521958,"hello world function executed in 7 ms
",2024/09/08/[$LATEST]9a310cdd117a479db5d90e4e15386922
1725804521962,"hello world function executed in 12 ms
",2024/09/08/[$LATEST]b99ef126f8d240dfb4e8f0fe5dde9f26
1725804521970,"hello world function executed in 7 ms
",2024/09/08/[$LATEST]59a505b33094462ab99d7fec51bb6024
1725804521975,"hello world function executed in 18 ms
",2024/09/08/[$LATEST]5af44ca2e6044cce82050adb2e59eb03
1725804521980,"hello world function executed in 7 ms
",2024/09/08/[$LATEST]b99ef126f8d240dfb4e8f0fe5dde9f26
1725804521982,"hello world function executed in 11 ms
",2024/09/08/[$LATEST]8d78d2dd77a4449e81c7cd76cfc6bafc
1725804521984,"hello world function executed in 12 ms
",2024/09/08/[$LATEST]da744eb3cd954747a62f4664d63098a8
1725804521988,"hello world function executed in 11 ms
",2024/09/08/[$LATEST]b1be3f04a84048d48984950215671039
1725804521994,"hello world function executed in 47 ms
",2024/09/08/[$LATEST]38690b9b63484d3b907d28934f08c790
1725804522003,"hello world function executed in 45 ms
",2024/09/08/[$LATEST]f24a16abe7cd484fb1db076791d3698e
1725804522003,"hello world function executed in 14 ms
",2024/09/08/[$LATEST]9a310cdd117a479db5d90e4e15386922
1725804522983,"hello world function executed in 13 ms
",2024/09/08/[$LATEST]9a310cdd117a479db5d90e4e15386922
1725804522995,"hello world function executed in 33 ms
",2024/09/08/[$LATEST]f24a16abe7cd484fb1db076791d3698e
1725804525106,"hello world function executed in 44 ms
",2024/09/08/[$LATEST]f24a16abe7cd484fb1db076791d3698e
1725804525458,"hello world function executed in 8 ms
",2024/09/08/[$LATEST]9a310cdd117a479db5d90e4e15386922
1725804525464,"hello world function executed in 17 ms
",2024/09/08/[$LATEST]38690b9b63484d3b907d28934f08c790
1725804525465,"hello world function executed in 12 ms
",2024/09/08/[$LATEST]8d78d2dd77a4449e81c7cd76cfc6bafc
1725804525472,"hello world function executed in 15 ms
",2024/09/08/[$LATEST]b1be3f04a84048d48984950215671039
1725804525473,"hello world function executed in 25 ms
",2024/09/08/[$LATEST]da744eb3cd954747a62f4664d63098a8
1725804525476,"hello world function executed in 8 ms
",2024/09/08/[$LATEST]b99ef126f8d240dfb4e8f0fe5dde9f26
1725804525485,"hello world function executed in 43 ms
",2024/09/08/[$LATEST]f24a16abe7cd484fb1db076791d3698e
1725804525504,"hello world function executed in 14 ms
",2024/09/08/[$LATEST]8d78d2dd77a4449e81c7cd76cfc6bafc
1725804525517,"hello world function executed in 35 ms
",2024/09/08/[$LATEST]38690b9b63484d3b907d28934f08c790
1725804525523,"hello world function executed in 33 ms
",2024/09/08/[$LATEST]9a310cdd117a479db5d90e4e15386922
1725804525545,"hello world function executed in 52 ms
",2024/09/08/[$LATEST]da744eb3cd954747a62f4664d63098a8
1725804526512,"hello world function executed in 39 ms
",2024/09/08/[$LATEST]da744eb3cd954747a62f4664d63098a8
1725804527035,"hello world function executed in 10 ms
",2024/09/08/[$LATEST]da744eb3cd954747a62f4664d63098a8
1725804527041,"hello world function executed in 8 ms
",2024/09/08/[$LATEST]9a310cdd117a479db5d90e4e15386922
1725804527049,"hello world function executed in 15 ms
",2024/09/08/[$LATEST]38690b9b63484d3b907d28934f08c790
1725804527051,"hello world function executed in 17 ms
",2024/09/08/[$LATEST]8d78d2dd77a4449e81c7cd76cfc6bafc
1725804527067,"hello world function executed in 10 ms
",2024/09/08/[$LATEST]9a310cdd117a479db5d90e4e15386922
1725804527070,"hello world function executed in 9 ms
",2024/09/08/[$LATEST]38690b9b63484d3b907d28934f08c790
1725804527072,"hello world function executed in 15 ms
",2024/09/08/[$LATEST]da744eb3cd954747a62f4664d63098a8
1725804527086,"hello world function executed in 13 ms
",2024/09/08/[$LATEST]b99ef126f8d240dfb4e8f0fe5dde9f26
1725804527096,"hello world function executed in 11 ms
",2024/09/08/[$LATEST]9a310cdd117a479db5d90e4e15386922
1725804527098,"hello world function executed in 6 ms
",2024/09/08/[$LATEST]da744eb3cd954747a62f4664d63098a8
1725804527102,"hello world function executed in 33 ms
",2024/09/08/[$LATEST]f24a16abe7cd484fb1db076791d3698e
1725804527102,"hello world function executed in 15 ms
",2024/09/08/[$LATEST]38690b9b63484d3b907d28934f08c790
1725804527104,"hello world function executed in 29 ms
",2024/09/08/[$LATEST]5af44ca2e6044cce82050adb2e59eb03
1725804527116,"hello world function executed in 29 ms
",2024/09/08/[$LATEST]59a505b33094462ab99d7fec51bb6024
1725804527119,"hello world function executed in 48 ms
",2024/09/08/[$LATEST]8d78d2dd77a4449e81c7cd76cfc6bafc
1725804527128,"hello world function executed in 53 ms
",2024/09/08/[$LATEST]b1be3f04a84048d48984950215671039
1725804527857,"hello world function executed in 35 ms
",2024/09/08/[$LATEST]b1be3f04a84048d48984950215671039
1725804528157,"hello world function executed in 11 ms
",2024/09/08/[$LATEST]8d78d2dd77a4449e81c7cd76cfc6bafc
1725804528169,"hello world function executed in 12 ms
",2024/09/08/[$LATEST]b1be3f04a84048d48984950215671039
1725804528173,"hello world function executed in 15 ms
",2024/09/08/[$LATEST]59a505b33094462ab99d7fec51bb6024
1725804528191,"hello world function executed in 18 ms
",2024/09/08/[$LATEST]8d78d2dd77a4449e81c7cd76cfc6bafc
1725804528208,"hello world function executed in 8 ms
",2024/09/08/[$LATEST]38690b9b63484d3b907d28934f08c790
1725804528209,"hello world function executed in 12 ms
",2024/09/08/[$LATEST]9a310cdd117a479db5d90e4e15386922
1725804528210,"hello world function executed in 34 ms
",2024/09/08/[$LATEST]5af44ca2e6044cce82050adb2e59eb03
1725804528211,"hello world function executed in 9 ms
",2024/09/08/[$LATEST]f24a16abe7cd484fb1db076791d3698e
1725804528211,"hello world function executed in 16 ms
",2024/09/08/[$LATEST]59a505b33094462ab99d7fec51bb6024
1725804528213,"hello world function executed in 16 ms
",2024/09/08/[$LATEST]da744eb3cd954747a62f4664d63098a8
1725804528230,"hello world function executed in 33 ms
",2024/09/08/[$LATEST]b1be3f04a84048d48984950215671039
1725804528230,"hello world function executed in 30 ms
",2024/09/08/[$LATEST]b99ef126f8d240dfb4e8f0fe5dde9f26
1725804528261,"hello world function executed in 46 ms
",2024/09/08/[$LATEST]b2d5f66e7b124b1b9a74b7516f7fc948
1725804529194,"hello world function executed in 11 ms
",2024/09/08/[$LATEST]b1be3f04a84048d48984950215671039
1725804529216,"hello world function executed in 18 ms
",2024/09/08/[$LATEST]b2d5f66e7b124b1b9a74b7516f7fc948
1725804529223,"hello world function executed in 10 ms
",2024/09/08/[$LATEST]b99ef126f8d240dfb4e8f0fe5dde9f26
1725804531289,"hello world function executed in 13 ms
",2024/09/08/[$LATEST]b99ef126f8d240dfb4e8f0fe5dde9f26
1725804531314,"hello world function executed in 36 ms
",2024/09/08/[$LATEST]b2d5f66e7b124b1b9a74b7516f7fc948
1725804535281,"hello world function executed in 55 ms
",2024/09/08/[$LATEST]b2d5f66e7b124b1b9a74b7516f7fc948
1725804535723,"hello world function executed in 8 ms
",2024/09/08/[$LATEST]b99ef126f8d240dfb4e8f0fe5dde9f26
1725804535740,"hello world function executed in 31 ms
",2024/09/08/[$LATEST]b2d5f66e7b124b1b9a74b7516f7fc948
1725804535744,"hello world function executed in 18 ms
",2024/09/08/[$LATEST]59a505b33094462ab99d7fec51bb6024
1725804535762,"hello world function executed in 37 ms
",2024/09/08/[$LATEST]f24a16abe7cd484fb1db076791d3698e
1725804535762,"hello world function executed in 37 ms
",2024/09/08/[$LATEST]9a310cdd117a479db5d90e4e15386922
1725804535771,"hello world function executed in 40 ms
",2024/09/08/[$LATEST]8d78d2dd77a4449e81c7cd76cfc6bafc
1725804535772,"hello world function executed in 47 ms
",2024/09/08/[$LATEST]da744eb3cd954747a62f4664d63098a8
1725804535775,"hello world function executed in 50 ms
",2024/09/08/[$LATEST]5af44ca2e6044cce82050adb2e59eb03
1725804535778,"hello world function executed in 41 ms
",2024/09/08/[$LATEST]b1be3f04a84048d48984950215671039
1725804535779,"hello world function executed in 38 ms
",2024/09/08/[$LATEST]38690b9b63484d3b907d28934f08c790
1725804535808,"hello world function executed in 53 ms
",2024/09/08/[$LATEST]b2d5f66e7b124b1b9a74b7516f7fc948
1725804535841,"hello world function executed in 36 ms
",2024/09/08/[$LATEST]38690b9b63484d3b907d28934f08c790
1725804535857,"hello world function executed in 58 ms
",2024/09/08/[$LATEST]b1be3f04a84048d48984950215671039
1725804550700,"hello world function executed in 31 ms
",2024/09/08/[$LATEST]b1be3f04a84048d48984950215671039
1725804551098,"hello world function executed in 32 ms
",2024/09/08/[$LATEST]b1be3f04a84048d48984950215671039
1725804551143,"hello world function executed in 8 ms
",2024/09/08/[$LATEST]da744eb3cd954747a62f4664d63098a8
1725804551163,"hello world function executed in 40 ms
",2024/09/08/[$LATEST]38690b9b63484d3b907d28934f08c790
1725804551163,"hello world function executed in 17 ms
",2024/09/08/[$LATEST]b99ef126f8d240dfb4e8f0fe5dde9f26
1725804551167,"hello world function executed in 33 ms
",2024/09/08/[$LATEST]5af44ca2e6044cce82050adb2e59eb03
1725804551168,"hello world function executed in 48 ms
",2024/09/08/[$LATEST]b1be3f04a84048d48984950215671039
1725804551169,"hello world function executed in 25 ms
",2024/09/08/[$LATEST]59a505b33094462ab99d7fec51bb6024
1725804551183,"hello world function executed in 43 ms
",2024/09/08/[$LATEST]f24a16abe7cd484fb1db076791d3698e
1725804551183,"hello world function executed in 42 ms
",2024/09/08/[$LATEST]9a310cdd117a479db5d90e4e15386922
1725804551188,"hello world function executed in 55 ms
",2024/09/08/[$LATEST]b2d5f66e7b124b1b9a74b7516f7fc948
1725804551190,"hello world function executed in 50 ms
",2024/09/08/[$LATEST]8d78d2dd77a4449e81c7cd76cfc6bafc
1725804551499,"hello world function executed in 9 ms
",2024/09/08/[$LATEST]8d78d2dd77a4449e81c7cd76cfc6bafc
1725804551514,"hello world function executed in 12 ms
",2024/09/08/[$LATEST]f24a16abe7cd484fb1db076791d3698e
1725804551514,"hello world function executed in 8 ms
",2024/09/08/[$LATEST]59a505b33094462ab99d7fec51bb6024
1725804551516,"hello world function executed in 16 ms
",2024/09/08/[$LATEST]9a310cdd117a479db5d90e4e15386922
1725804551516,"hello world function executed in 7 ms
",2024/09/08/[$LATEST]b99ef126f8d240dfb4e8f0fe5dde9f26
1725804551527,"hello world function executed in 31 ms
",2024/09/08/[$LATEST]b2d5f66e7b124b1b9a74b7516f7fc948
1725804551535,"hello world function executed in 26 ms
",2024/09/08/[$LATEST]b1be3f04a84048d48984950215671039
1725804551535,"hello world function executed in 28 ms
",2024/09/08/[$LATEST]5af44ca2e6044cce82050adb2e59eb03
1725804551537,"hello world function executed in 7 ms
",2024/09/08/[$LATEST]8d78d2dd77a4449e81c7cd76cfc6bafc
1725804551541,"hello world function executed in 22 ms
",2024/09/08/[$LATEST]38690b9b63484d3b907d28934f08c790
1725804551901,"hello world function executed in 6 ms
",2024/09/08/[$LATEST]b2d5f66e7b124b1b9a74b7516f7fc948
1725804551902,"hello world function executed in 9 ms
",2024/09/08/[$LATEST]b1be3f04a84048d48984950215671039
1725804551902,"hello world function executed in 8 ms
",2024/09/08/[$LATEST]38690b9b63484d3b907d28934f08c790
1725804551904,"hello world function executed in 12 ms
",2024/09/08/[$LATEST]8d78d2dd77a4449e81c7cd76cfc6bafc
1725804551916,"hello world function executed in 12 ms
",2024/09/08/[$LATEST]9a310cdd117a479db5d90e4e15386922
1725804551919,"hello world function executed in 15 ms
",2024/09/08/[$LATEST]b99ef126f8d240dfb4e8f0fe5dde9f26
1725804551923,"hello world function executed in 6 ms
",2024/09/08/[$LATEST]8d78d2dd77a4449e81c7cd76cfc6bafc
1725804551923,"hello world function executed in 15 ms
",2024/09/08/[$LATEST]59a505b33094462ab99d7fec51bb6024
1725804551935,"hello world function executed in 40 ms
",2024/09/08/[$LATEST]5af44ca2e6044cce82050adb2e59eb03
1725804551942,"hello world function executed in 36 ms
",2024/09/08/[$LATEST]f24a16abe7cd484fb1db076791d3698e
1725804551953,"hello world function executed in 29 ms
",2024/09/08/[$LATEST]38690b9b63484d3b907d28934f08c790
1725804551955,"hello world function executed in 38 ms
",2024/09/08/[$LATEST]b1be3f04a84048d48984950215671039
1725804554917,"hello world function executed in 16 ms
",2024/09/08/[$LATEST]38690b9b63484d3b907d28934f08c790
1725804555197,"hello world function executed in 14 ms
",2024/09/08/[$LATEST]38690b9b63484d3b907d28934f08c790
1725804555246,"hello world function executed in 48 ms
",2024/09/08/[$LATEST]b1be3f04a84048d48984950215671039
1725804555247,"hello world function executed in 27 ms
",2024/09/08/[$LATEST]38690b9b63484d3b907d28934f08c790
1725804555250,"hello world function executed in 26 ms
",2024/09/08/[$LATEST]f24a16abe7cd484fb1db076791d3698e
1725804555256,"hello world function executed in 10 ms
",2024/09/08/[$LATEST]8d78d2dd77a4449e81c7cd76cfc6bafc
1725804555260,"hello world function executed in 14 ms
",2024/09/08/[$LATEST]59a505b33094462ab99d7fec51bb6024
1725804555283,"hello world function executed in 15 ms
",2024/09/08/[$LATEST]8d78d2dd77a4449e81c7cd76cfc6bafc
1725804555287,"hello world function executed in 41 ms
",2024/09/08/[$LATEST]b99ef126f8d240dfb4e8f0fe5dde9f26
1725804555288,"hello world function executed in 47 ms
",2024/09/08/[$LATEST]5af44ca2e6044cce82050adb2e59eb03
1725804555293,"hello world function executed in 18 ms
",2024/09/08/[$LATEST]59a505b33094462ab99d7fec51bb6024
1725804555296,"hello world function executed in 49 ms
",2024/09/08/[$LATEST]b2d5f66e7b124b1b9a74b7516f7fc948
1725804555296,"hello world function executed in 50 ms
",2024/09/08/[$LATEST]9a310cdd117a479db5d90e4e15386922
1725804555299,"hello world function executed in 40 ms
",2024/09/08/[$LATEST]38690b9b63484d3b907d28934f08c790
1725804555304,"hello world function executed in 38 ms
",2024/09/08/[$LATEST]f24a16abe7cd484fb1db076791d3698e
1725804556404,"hello world function executed in 30 ms
",2024/09/08/[$LATEST]f24a16abe7cd484fb1db076791d3698e
1725804556434,"hello world function executed in 29 ms
",2024/09/08/[$LATEST]b2d5f66e7b124b1b9a74b7516f7fc948
1725804556441,"hello world function executed in 37 ms
",2024/09/08/[$LATEST]38690b9b63484d3b907d28934f08c790
1725804556801,"hello world function executed in 11 ms
",2024/09/08/[$LATEST]b2d5f66e7b124b1b9a74b7516f7fc948
1725804556817,"hello world function executed in 12 ms
",2024/09/08/[$LATEST]5af44ca2e6044cce82050adb2e59eb03
1725804556818,"hello world function executed in 16 ms
",2024/09/08/[$LATEST]38690b9b63484d3b907d28934f08c790
1725804556823,"hello world function executed in 25 ms
",2024/09/08/[$LATEST]9a310cdd117a479db5d90e4e15386922
1725804556831,"hello world function executed in 18 ms
",2024/09/08/[$LATEST]b99ef126f8d240dfb4e8f0fe5dde9f26
1725804556832,"hello world function executed in 29 ms
",2024/09/08/[$LATEST]59a505b33094462ab99d7fec51bb6024
1725804556838,"hello world function executed in 35 ms
",2024/09/08/[$LATEST]f24a16abe7cd484fb1db076791d3698e
1725804556847,"hello world function executed in 33 ms
",2024/09/08/[$LATEST]b2d5f66e7b124b1b9a74b7516f7fc948
1725804556848,"hello world function executed in 15 ms
",2024/09/08/[$LATEST]38690b9b63484d3b907d28934f08c790
1725804556855,"hello world function executed in 16 ms
",2024/09/08/[$LATEST]9a310cdd117a479db5d90e4e15386922
1725804556864,"hello world function executed in 23 ms
",2024/09/08/[$LATEST]b99ef126f8d240dfb4e8f0fe5dde9f26
1725804556868,"hello world function executed in 31 ms
",2024/09/08/[$LATEST]5af44ca2e6044cce82050adb2e59eb03
1725804557775,"hello world function executed in 33 ms
",2024/09/08/[$LATEST]5af44ca2e6044cce82050adb2e59eb03
1725804559777,"hello world function executed in 16 ms
",2024/09/08/[$LATEST]5af44ca2e6044cce82050adb2e59eb03
1725804560083,"hello world function executed in 12 ms
",2024/09/08/[$LATEST]9a310cdd117a479db5d90e4e15386922
1725804560088,"hello world function executed in 22 ms
",2024/09/08/[$LATEST]b99ef126f8d240dfb4e8f0fe5dde9f26
1725804560104,"hello world function executed in 39 ms
",2024/09/08/[$LATEST]5af44ca2e6044cce82050adb2e59eb03
1725804560156,"hello world function executed in 45 ms
",2024/09/08/[$LATEST]9a310cdd117a479db5d90e4e15386922
1725804560161,"hello world function executed in 6 ms
",2024/09/08/[$LATEST]5af44ca2e6044cce82050adb2e59eb03
1725804560166,"hello world function executed in 16 ms
",2024/09/08/[$LATEST]b2d5f66e7b124b1b9a74b7516f7fc948
1725804560172,"hello world function executed in 20 ms
",2024/09/08/[$LATEST]38690b9b63484d3b907d28934f08c790
1725804560173,"hello world function executed in 61 ms
",2024/09/08/[$LATEST]b99ef126f8d240dfb4e8f0fe5dde9f26
1725804560182,"hello world function executed in 16 ms
",2024/09/08/[$LATEST]f24a16abe7cd484fb1db076791d3698e
1725804560198,"hello world function executed in 20 ms
",2024/09/08/[$LATEST]b1be3f04a84048d48984950215671039
1725804560214,"hello world function executed in 44 ms
",2024/09/08/[$LATEST]8d78d2dd77a4449e81c7cd76cfc6bafc
1725804560214,"hello world function executed in 37 ms
",2024/09/08/[$LATEST]da744eb3cd954747a62f4664d63098a8
1725804560220,"hello world function executed in 53 ms
",2024/09/08/[$LATEST]59a505b33094462ab99d7fec51bb6024
1725804560221,"hello world function executed in 45 ms
",2024/09/08/[$LATEST]5af44ca2e6044cce82050adb2e59eb03
1725804560257,"hello world function executed in 83 ms
",2024/09/08/[$LATEST]9a310cdd117a479db5d90e4e15386922
1725804561140,"hello world function executed in 31 ms
",2024/09/08/[$LATEST]9a310cdd117a479db5d90e4e15386922
1725804561411,"hello world function executed in 14 ms
",2024/09/08/[$LATEST]9a310cdd117a479db5d90e4e15386922
1725804561428,"hello world function executed in 18 ms
",2024/09/08/[$LATEST]da744eb3cd954747a62f4664d63098a8
1725804561432,"hello world function executed in 31 ms
",2024/09/08/[$LATEST]5af44ca2e6044cce82050adb2e59eb03
1725804561462,"hello world function executed in 17 ms
",2024/09/08/[$LATEST]5af44ca2e6044cce82050adb2e59eb03
1725804561462,"hello world function executed in 14 ms
",2024/09/08/[$LATEST]da744eb3cd954747a62f4664d63098a8
1725804561463,"hello world function executed in 46 ms
",2024/09/08/[$LATEST]59a505b33094462ab99d7fec51bb6024
1725804561464,"hello world function executed in 9 ms
",2024/09/08/[$LATEST]b1be3f04a84048d48984950215671039
1725804561470,"hello world function executed in 53 ms
",2024/09/08/[$LATEST]8d78d2dd77a4449e81c7cd76cfc6bafc
1725804561489,"hello world function executed in 37 ms
",2024/09/08/[$LATEST]9a310cdd117a479db5d90e4e15386922
1725804561489,"hello world function executed in 14 ms
",2024/09/08/[$LATEST]59a505b33094462ab99d7fec51bb6024
1725804561494,"hello world function executed in 15 ms
",2024/09/08/[$LATEST]b1be3f04a84048d48984950215671039
1725804561502,"hello world function executed in 41 ms
",2024/09/08/[$LATEST]f24a16abe7cd484fb1db076791d3698e
1725804561525,"hello world function executed in 50 ms
",2024/09/08/[$LATEST]b99ef126f8d240dfb4e8f0fe5dde9f26
1725804564595,"hello world function executed in 14 ms
",2024/09/08/[$LATEST]b99ef126f8d240dfb4e8f0fe5dde9f26
1725804564597,"hello world function executed in 15 ms
",2024/09/08/[$LATEST]f24a16abe7cd484fb1db076791d3698e
1725804568583,"hello world function executed in 31 ms
",2024/09/08/[$LATEST]f24a16abe7cd484fb1db076791d3698e
1725804569110,"hello world function executed in 15 ms
",2024/09/08/[$LATEST]f24a16abe7cd484fb1db076791d3698e
1725804569130,"hello world function executed in 15 ms
",2024/09/08/[$LATEST]8d78d2dd77a4449e81c7cd76cfc6bafc
1725804569133,"hello world function executed in 21 ms
",2024/09/08/[$LATEST]b99ef126f8d240dfb4e8f0fe5dde9f26
1725804569137,"hello world function executed in 25 ms
",2024/09/08/[$LATEST]59a505b33094462ab99d7fec51bb6024
1725804569140,"hello world function executed in 22 ms
",2024/09/08/[$LATEST]38690b9b63484d3b907d28934f08c790
1725804569141,"hello world function executed in 29 ms
",2024/09/08/[$LATEST]9a310cdd117a479db5d90e4e15386922
1725804569155,"hello world function executed in 45 ms
",2024/09/08/[$LATEST]b1be3f04a84048d48984950215671039
1725804569172,"hello world function executed in 40 ms
",2024/09/08/[$LATEST]da744eb3cd954747a62f4664d63098a8
1725804569176,"hello world function executed in 61 ms
",2024/09/08/[$LATEST]5af44ca2e6044cce82050adb2e59eb03
1725804570016,"hello world function executed in 21 ms
",2024/09/08/[$LATEST]5af44ca2e6044cce82050adb2e59eb03
1725804570434,"hello world function executed in 7 ms
",2024/09/08/[$LATEST]38690b9b63484d3b907d28934f08c790
1725804570437,"hello world function executed in 9 ms
",2024/09/08/[$LATEST]b99ef126f8d240dfb4e8f0fe5dde9f26
1725804570443,"hello world function executed in 29 ms
",2024/09/08/[$LATEST]5af44ca2e6044cce82050adb2e59eb03
1725804570445,"hello world function executed in 20 ms
",2024/09/08/[$LATEST]59a505b33094462ab99d7fec51bb6024
1725804570449,"hello world function executed in 24 ms
",2024/09/08/[$LATEST]9a310cdd117a479db5d90e4e15386922
1725804570450,"hello world function executed in 24 ms
",2024/09/08/[$LATEST]8d78d2dd77a4449e81c7cd76cfc6bafc
1725804570452,"hello world function executed in 30 ms
",2024/09/08/[$LATEST]da744eb3cd954747a62f4664d63098a8
1725804570457,"hello world function executed in 32 ms
",2024/09/08/[$LATEST]b1be3f04a84048d48984950215671039
1725804570468,"hello world function executed in 39 ms
",2024/09/08/[$LATEST]b2d5f66e7b124b1b9a74b7516f7fc948
1725804570493,"hello world function executed in 51 ms
",2024/09/08/[$LATEST]f24a16abe7cd484fb1db076791d3698e
1725804573462,"hello world function executed in 33 ms
",2024/09/08/[$LATEST]f24a16abe7cd484fb1db076791d3698e
1725804577403,"hello world function executed in 16 ms
",2024/09/08/[$LATEST]f24a16abe7cd484fb1db076791d3698e
1725804577808,"hello world function executed in 13 ms
",2024/09/08/[$LATEST]f24a16abe7cd484fb1db076791d3698e
1725804577811,"hello world function executed in 11 ms
",2024/09/08/[$LATEST]b2d5f66e7b124b1b9a74b7516f7fc948
1725804577841,"hello world function executed in 19 ms
",2024/09/08/[$LATEST]da744eb3cd954747a62f4664d63098a8
1725804577843,"hello world function executed in 12 ms
",2024/09/08/[$LATEST]b2d5f66e7b124b1b9a74b7516f7fc948
1725804577859,"hello world function executed in 41 ms
",2024/09/08/[$LATEST]b1be3f04a84048d48984950215671039
1725804577860,"hello world function executed in 17 ms
",2024/09/08/[$LATEST]9a310cdd117a479db5d90e4e15386922
1725804577865,"hello world function executed in 20 ms
",2024/09/08/[$LATEST]b99ef126f8d240dfb4e8f0fe5dde9f26
1725804577869,"hello world function executed in 34 ms
",2024/09/08/[$LATEST]5af44ca2e6044cce82050adb2e59eb03
1725804577874,"hello world function executed in 30 ms
",2024/09/08/[$LATEST]59a505b33094462ab99d7fec51bb6024
1725804577879,"hello world function executed in 36 ms
",2024/09/08/[$LATEST]f24a16abe7cd484fb1db076791d3698e
1725804577884,"hello world function executed in 39 ms
",2024/09/08/[$LATEST]8d78d2dd77a4449e81c7cd76cfc6bafc
1725804578842,"hello world function executed in 44 ms
",2024/09/08/[$LATEST]8d78d2dd77a4449e81c7cd76cfc6bafc
1725804579323,"hello world function executed in 15 ms
",2024/09/08/[$LATEST]59a505b33094462ab99d7fec51bb6024
1725804579324,"hello world function executed in 14 ms
",2024/09/08/[$LATEST]8d78d2dd77a4449e81c7cd76cfc6bafc
1725804579337,"hello world function executed in 6 ms
",2024/09/08/[$LATEST]b2d5f66e7b124b1b9a74b7516f7fc948
1725804579338,"hello world function executed in 16 ms
",2024/09/08/[$LATEST]f24a16abe7cd484fb1db076791d3698e
1725804579341,"hello world function executed in 11 ms
",2024/09/08/[$LATEST]9a310cdd117a479db5d90e4e15386922
1725804579343,"hello world function executed in 13 ms
",2024/09/08/[$LATEST]b1be3f04a84048d48984950215671039
1725804579346,"hello world function executed in 16 ms
",2024/09/08/[$LATEST]b99ef126f8d240dfb4e8f0fe5dde9f26
1725804579346,"hello world function executed in 15 ms
",2024/09/08/[$LATEST]5af44ca2e6044cce82050adb2e59eb03
1725804580216,"hello world function executed in 15 ms
",2024/09/08/[$LATEST]5af44ca2e6044cce82050adb2e59eb03
1725804582175,"hello world function executed in 23 ms
",2024/09/08/[$LATEST]5af44ca2e6044cce82050adb2e59eb03
1725804582190,"hello world function executed in 17 ms
",2024/09/08/[$LATEST]b99ef126f8d240dfb4e8f0fe5dde9f26
1725804582200,"hello world function executed in 14 ms
",2024/09/08/[$LATEST]b1be3f04a84048d48984950215671039
1725804582514,"hello world function executed in 9 ms
",2024/09/08/[$LATEST]b99ef126f8d240dfb4e8f0fe5dde9f26
1725804582517,"hello world function executed in 11 ms
",2024/09/08/[$LATEST]5af44ca2e6044cce82050adb2e59eb03
1725804582517,"hello world function executed in 38 ms
",2024/09/08/[$LATEST]b1be3f04a84048d48984950215671039
1725804582520,"hello world function executed in 9 ms
",2024/09/08/[$LATEST]9a310cdd117a479db5d90e4e15386922
1725804582531,"hello world function executed in 12 ms
",2024/09/08/[$LATEST]da744eb3cd954747a62f4664d63098a8
1725804582531,"hello world function executed in 13 ms
",2024/09/08/[$LATEST]8d78d2dd77a4449e81c7cd76cfc6bafc
1725804582545,"hello world function executed in 33 ms
",2024/09/08/[$LATEST]b2d5f66e7b124b1b9a74b7516f7fc948
1725804582545,"hello world function executed in 32 ms
",2024/09/08/[$LATEST]f24a16abe7cd484fb1db076791d3698e
1725804582548,"hello world function executed in 29 ms
",2024/09/08/[$LATEST]59a505b33094462ab99d7fec51bb6024
1725804583559,"hello world function executed in 12 ms
",2024/09/08/[$LATEST]59a505b33094462ab99d7fec51bb6024
1725804583598,"hello world function executed in 36 ms
",2024/09/08/[$LATEST]f24a16abe7cd484fb1db076791d3698e
1725804584027,"hello world function executed in 15 ms
",2024/09/08/[$LATEST]59a505b33094462ab99d7fec51bb6024
1725804584035,"hello world function executed in 14 ms
",2024/09/08/[$LATEST]5af44ca2e6044cce82050adb2e59eb03
1725804584041,"hello world function executed in 6 ms
",2024/09/08/[$LATEST]b2d5f66e7b124b1b9a74b7516f7fc948
1725804584043,"hello world function executed in 31 ms
",2024/09/08/[$LATEST]f24a16abe7cd484fb1db076791d3698e
1725804584047,"hello world function executed in 23 ms
",2024/09/08/[$LATEST]b99ef126f8d240dfb4e8f0fe5dde9f26
1725804584052,"hello world function executed in 32 ms
",2024/09/08/[$LATEST]da744eb3cd954747a62f4664d63098a8
1725804584057,"hello world function executed in 34 ms
",2024/09/08/[$LATEST]b1be3f04a84048d48984950215671039
1725804584072,"hello world function executed in 54 ms
",2024/09/08/[$LATEST]9a310cdd117a479db5d90e4e15386922
1725804584104,"hello world function executed in 74 ms
",2024/09/08/[$LATEST]8d78d2dd77a4449e81c7cd76cfc6bafc
1725804586946,"hello world function executed in 35 ms
",2024/09/08/[$LATEST]8d78d2dd77a4449e81c7cd76cfc6bafc
1725804587262,"hello world function executed in 21 ms
",2024/09/08/[$LATEST]8d78d2dd77a4449e81c7cd76cfc6bafc
1725804587274,"hello world function executed in 13 ms
",2024/09/08/[$LATEST]9a310cdd117a479db5d90e4e15386922
1725804587292,"hello world function executed in 14 ms
",2024/09/08/[$LATEST]b1be3f04a84048d48984950215671039
1725804587317,"hello world function executed in 13 ms
",2024/09/08/[$LATEST]b1be3f04a84048d48984950215671039
1725804587328,"hello world function executed in 13 ms
",2024/09/08/[$LATEST]8d78d2dd77a4449e81c7cd76cfc6bafc
1725804587335,"hello world function executed in 19 ms
",2024/09/08/[$LATEST]b99ef126f8d240dfb4e8f0fe5dde9f26
1725804587353,"hello world function executed in 38 ms
",2024/09/08/[$LATEST]da744eb3cd954747a62f4664d63098a8
1725804587355,"hello world function executed in 46 ms
",2024/09/08/[$LATEST]9a310cdd117a479db5d90e4e15386922
1725804587381,"hello world function executed in 36 ms
",2024/09/08/[$LATEST]8d78d2dd77a4449e81c7cd76cfc6bafc
1725804588326,"hello world function executed in 16 ms
",2024/09/08/[$LATEST]8d78d2dd77a4449e81c7cd76cfc6bafc
1725804588670,"hello world function executed in 31 ms
",2024/09/08/[$LATEST]8d78d2dd77a4449e81c7cd76cfc6bafc
1725804588689,"hello world function executed in 46 ms
",2024/09/08/[$LATEST]da744eb3cd954747a62f4664d63098a8
1725804588704,"hello world function executed in 65 ms
",2024/09/08/[$LATEST]9a310cdd117a479db5d90e4e15386922
1725804588738,"hello world function executed in 11 ms
",2024/09/08/[$LATEST]8d78d2dd77a4449e81c7cd76cfc6bafc
1725804588740,"hello world function executed in 13 ms
",2024/09/08/[$LATEST]da744eb3cd954747a62f4664d63098a8
1725804588742,"hello world function executed in 17 ms
",2024/09/08/[$LATEST]9a310cdd117a479db5d90e4e15386922
1725804589804,"hello world function executed in 52 ms
",2024/09/08/[$LATEST]9a310cdd117a479db5d90e4e15386922
1725804591696,"hello world function executed in 13 ms
",2024/09/08/[$LATEST]9a310cdd117a479db5d90e4e15386922
1725804591995,"hello world function executed in 16 ms
",2024/09/08/[$LATEST]9a310cdd117a479db5d90e4e15386922
1725804591999,"hello world function executed in 12 ms
",2024/09/08/[$LATEST]da744eb3cd954747a62f4664d63098a8
1725804592001,"hello world function executed in 17 ms
",2024/09/08/[$LATEST]8d78d2dd77a4449e81c7cd76cfc6bafc
1725804592003,"hello world function executed in 17 ms
",2024/09/08/[$LATEST]b1be3f04a84048d48984950215671039
1725804592015,"hello world function executed in 20 ms
",2024/09/08/[$LATEST]b2d5f66e7b124b1b9a74b7516f7fc948
1725804592025,"hello world function executed in 40 ms
",2024/09/08/[$LATEST]b99ef126f8d240dfb4e8f0fe5dde9f26
1725804592030,"hello world function executed in 32 ms
",2024/09/08/[$LATEST]5af44ca2e6044cce82050adb2e59eb03
1725804592034,"hello world function executed in 32 ms
",2024/09/08/[$LATEST]f24a16abe7cd484fb1db076791d3698e
1725804592347,"hello world function executed in 12 ms
",2024/09/08/[$LATEST]f24a16abe7cd484fb1db076791d3698e
1725804592357,"hello world function executed in 13 ms
",2024/09/08/[$LATEST]b99ef126f8d240dfb4e8f0fe5dde9f26
1725804592370,"hello world function executed in 16 ms
",2024/09/08/[$LATEST]b2d5f66e7b124b1b9a74b7516f7fc948
1725804592371,"hello world function executed in 33 ms
",2024/09/08/[$LATEST]5af44ca2e6044cce82050adb2e59eb03
1725804592402,"hello world function executed in 47 ms
",2024/09/08/[$LATEST]8d78d2dd77a4449e81c7cd76cfc6bafc
1725804593349,"hello world function executed in 13 ms
",2024/09/08/[$LATEST]8d78d2dd77a4449e81c7cd76cfc6bafc
1725804593760,"hello world function executed in 12 ms
",2024/09/08/[$LATEST]8d78d2dd77a4449e81c7cd76cfc6bafc
1725804593766,"hello world function executed in 18 ms
",2024/09/08/[$LATEST]b2d5f66e7b124b1b9a74b7516f7fc948
1725804593773,"hello world function executed in 22 ms
",2024/09/08/[$LATEST]5af44ca2e6044cce82050adb2e59eb03
1725804593776,"hello world function executed in 23 ms
",2024/09/08/[$LATEST]b99ef126f8d240dfb4e8f0fe5dde9f26
1725804594812,"hello world function executed in 22 ms
",2024/09/08/[$LATEST]b99ef126f8d240dfb4e8f0fe5dde9f26
1725804597033,"hello world function executed in 14 ms
",2024/09/08/[$LATEST]b99ef126f8d240dfb4e8f0fe5dde9f26
1725804597453,"hello world function executed in 19 ms
",2024/09/08/[$LATEST]b99ef126f8d240dfb4e8f0fe5dde9f26
1725804597462,"hello world function executed in 14 ms
",2024/09/08/[$LATEST]b2d5f66e7b124b1b9a74b7516f7fc948
1725804597468,"hello world function executed in 32 ms
",2024/09/08/[$LATEST]5af44ca2e6044cce82050adb2e59eb03
1725804597470,"hello world function executed in 11 ms
",2024/09/08/[$LATEST]8d78d2dd77a4449e81c7cd76cfc6bafc
1725804597804,"hello world function executed in 9 ms
",2024/09/08/[$LATEST]5af44ca2e6044cce82050adb2e59eb03
1725804597810,"hello world function executed in 17 ms
",2024/09/08/[$LATEST]8d78d2dd77a4449e81c7cd76cfc6bafc
1725804597813,"hello world function executed in 13 ms
",2024/09/08/[$LATEST]b2d5f66e7b124b1b9a74b7516f7fc948
1725804597835,"hello world function executed in 20 ms
",2024/09/08/[$LATEST]5af44ca2e6044cce82050adb2e59eb03
1725804598100,"hello world function executed in 13 ms
",2024/09/08/[$LATEST]5af44ca2e6044cce82050adb2e59eb03
1725804598105,"hello world function executed in 9 ms
",2024/09/08/[$LATEST]b2d5f66e7b124b1b9a74b7516f7fc948
1725804598414,"hello world function executed in 20 ms
",2024/09/08/[$LATEST]b2d5f66e7b124b1b9a74b7516f7fc948
1725804599450,"hello world function executed in 29 ms
",2024/09/08/[$LATEST]b2d5f66e7b124b1b9a74b7516f7fc948
1725804599796,"hello world function executed in 13 ms
",2024/09/08/[$LATEST]5af44ca2e6044cce82050adb2e59eb03
1725804599835,"hello world function executed in 48 ms
",2024/09/08/[$LATEST]b2d5f66e7b124b1b9a74b7516f7fc948
1725804600235,"hello world function executed in 35 ms
",2024/09/08/[$LATEST]5af44ca2e6044cce82050adb2e59eb03
1725804600235,"hello world function executed in 20 ms
",2024/09/08/[$LATEST]b2d5f66e7b124b1b9a74b7516f7fc948
1725804600726,"hello world function executed in 12 ms
",2024/09/08/[$LATEST]b2d5f66e7b124b1b9a74b7516f7fc948
1725804600747,"hello world function executed in 34 ms
",2024/09/08/[$LATEST]5af44ca2e6044cce82050adb2e59eb03
1725804601132,"hello world function executed in 16 ms
",2024/09/08/[$LATEST]b2d5f66e7b124b1b9a74b7516f7fc948
1725804601144,"hello world function executed in 27 ms
",2024/09/08/[$LATEST]5af44ca2e6044cce82050adb2e59eb03
1725804601688,"hello world function executed in 23 ms
",2024/09/08/[$LATEST]5af44ca2e6044cce82050adb2e59eb03
1725804601695,"hello world function executed in 28 ms
",2024/09/08/[$LATEST]b2d5f66e7b124b1b9a74b7516f7fc948
1725804601977,"hello world function executed in 10 ms
",2024/09/08/[$LATEST]b2d5f66e7b124b1b9a74b7516f7fc948
1725804602009,"hello world function executed in 33 ms
",2024/09/08/[$LATEST]5af44ca2e6044cce82050adb2e59eb03
1725804602282,"hello world function executed in 11 ms
",2024/09/08/[$LATEST]b2d5f66e7b124b1b9a74b7516f7fc948
1725804602331,"hello world function executed in 16 ms
",2024/09/08/[$LATEST]5af44ca2e6044cce82050adb2e59eb03
1725804602660,"hello world function executed in 13 ms
",2024/09/08/[$LATEST]b2d5f66e7b124b1b9a74b7516f7fc948
1725804602666,"hello world function executed in 21 ms
",2024/09/08/[$LATEST]5af44ca2e6044cce82050adb2e59eb03
1725804602987,"hello world function executed in 20 ms
",2024/09/08/[$LATEST]5af44ca2e6044cce82050adb2e59eb03
1725804603007,"hello world function executed in 35 ms
",2024/09/08/[$LATEST]b2d5f66e7b124b1b9a74b7516f7fc948
1725804603323,"hello world function executed in 34 ms
",2024/09/08/[$LATEST]b2d5f66e7b124b1b9a74b7516f7fc948
1725804604347,"hello world function executed in 8 ms
",2024/09/08/[$LATEST]b2d5f66e7b124b1b9a74b7516f7fc948
1725804604636,"hello world function executed in 13 ms
",2024/09/08/[$LATEST]b2d5f66e7b124b1b9a74b7516f7fc948
1725804605665,"hello world function executed in 14 ms
",2024/09/08/[$LATEST]b2d5f66e7b124b1b9a74b7516f7fc948
1725804606043,"hello world function executed in 9 ms
",2024/09/08/[$LATEST]b2d5f66e7b124b1b9a74b7516f7fc948
1725804606063,"hello world function executed in 24 ms
",2024/09/08/[$LATEST]5af44ca2e6044cce82050adb2e59eb03
1725804606451,"hello world function executed in 13 ms
",2024/09/08/[$LATEST]b2d5f66e7b124b1b9a74b7516f7fc948
1725804606471,"hello world function executed in 33 ms
",2024/09/08/[$LATEST]5af44ca2e6044cce82050adb2e59eb03
1725804606760,"hello world function executed in 13 ms
",2024/09/08/[$LATEST]5af44ca2e6044cce82050adb2e59eb03
1725804606769,"hello world function executed in 13 ms
",2024/09/08/[$LATEST]b2d5f66e7b124b1b9a74b7516f7fc948
1725804607084,"hello world function executed in 27 ms
",2024/09/08/[$LATEST]b2d5f66e7b124b1b9a74b7516f7fc948
1725804607094,"hello world function executed in 36 ms
",2024/09/08/[$LATEST]5af44ca2e6044cce82050adb2e59eb03
1725804607479,"hello world function executed in 13 ms
",2024/09/08/[$LATEST]5af44ca2e6044cce82050adb2e59eb03
1725804607481,"hello world function executed in 14 ms
",2024/09/08/[$LATEST]b2d5f66e7b124b1b9a74b7516f7fc948
1725804607783,"hello world function executed in 12 ms
",2024/09/08/[$LATEST]5af44ca2e6044cce82050adb2e59eb03
1725804607835,"hello world function executed in 38 ms
",2024/09/08/[$LATEST]b2d5f66e7b124b1b9a74b7516f7fc948
1725804608138,"hello world function executed in 15 ms
",2024/09/08/[$LATEST]b2d5f66e7b124b1b9a74b7516f7fc948
1725804611255,"hello world function executed in 10 ms
",2024/09/08/[$LATEST]b2d5f66e7b124b1b9a74b7516f7fc948
1725804611685,"hello world function executed in 20 ms
",2024/09/08/[$LATEST]b2d5f66e7b124b1b9a74b7516f7fc948
1725804611691,"hello world function executed in 12 ms
",2024/09/08/[$LATEST]5af44ca2e6044cce82050adb2e59eb03
1725804612099,"hello world function executed in 29 ms
",2024/09/08/[$LATEST]5af44ca2e6044cce82050adb2e59eb03
1725804613135,"hello world function executed in 37 ms
",2024/09/08/[$LATEST]5af44ca2e6044cce82050adb2e59eb03
1725804613628,"hello world function executed in 13 ms
",2024/09/08/[$LATEST]5af44ca2e6044cce82050adb2e59eb03
1725804613643,"hello world function executed in 21 ms
",2024/09/08/[$LATEST]b2d5f66e7b124b1b9a74b7516f7fc948
1725804613968,"hello world function executed in 43 ms
",2024/09/08/[$LATEST]b2d5f66e7b124b1b9a74b7516f7fc948
1725804614004,"hello world function executed in 28 ms
",2024/09/08/[$LATEST]5af44ca2e6044cce82050adb2e59eb03
1725804614287,"hello world function executed in 11 ms
",2024/09/08/[$LATEST]5af44ca2e6044cce82050adb2e59eb03
1725804614295,"hello world function executed in 16 ms
",2024/09/08/[$LATEST]b2d5f66e7b124b1b9a74b7516f7fc948
1725804614627,"hello world function executed in 21 ms
",2024/09/08/[$LATEST]5af44ca2e6044cce82050adb2e59eb03
1725804614635,"hello world function executed in 35 ms
",2024/09/08/[$LATEST]b2d5f66e7b124b1b9a74b7516f7fc948
1725804614937,"hello world function executed in 15 ms
",2024/09/08/[$LATEST]b2d5f66e7b124b1b9a74b7516f7fc948
1725804614948,"hello world function executed in 25 ms
",2024/09/08/[$LATEST]5af44ca2e6044cce82050adb2e59eb03
1725804615287,"hello world function executed in 25 ms
",2024/09/08/[$LATEST]5af44ca2e6044cce82050adb2e59eb03
1725804615295,"hello world function executed in 24 ms
",2024/09/08/[$LATEST]b2d5f66e7b124b1b9a74b7516f7fc948
1725804615581,"hello world function executed in 14 ms
",2024/09/08/[$LATEST]b2d5f66e7b124b1b9a74b7516f7fc948
1725804615660,"hello world function executed in 12 ms
",2024/09/08/[$LATEST]b2d5f66e7b124b1b9a74b7516f7fc948
1725804615974,"hello world function executed in 17 ms
",2024/09/08/[$LATEST]b2d5f66e7b124b1b9a74b7516f7fc948
1725804619007,"hello world function executed in 31 ms
",2024/09/08/[$LATEST]b2d5f66e7b124b1b9a74b7516f7fc948
1725804619317,"hello world function executed in 23 ms
",2024/09/08/[$LATEST]b2d5f66e7b124b1b9a74b7516f7fc948
1725804619321,"hello world function executed in 18 ms
",2024/09/08/[$LATEST]5af44ca2e6044cce82050adb2e59eb03
1725804619613,"hello world function executed in 11 ms
",2024/09/08/[$LATEST]5af44ca2e6044cce82050adb2e59eb03
1725804619631,"hello world function executed in 29 ms
",2024/09/08/[$LATEST]b2d5f66e7b124b1b9a74b7516f7fc948
1725804620086,"hello world function executed in 32 ms
",2024/09/08/[$LATEST]b2d5f66e7b124b1b9a74b7516f7fc948
1725804620095,"hello world function executed in 32 ms
",2024/09/08/[$LATEST]5af44ca2e6044cce82050adb2e59eb03
1725804620549,"hello world function executed in 31 ms
",2024/09/08/[$LATEST]b2d5f66e7b124b1b9a74b7516f7fc948
1725804620571,"hello world function executed in 35 ms
",2024/09/08/[$LATEST]5af44ca2e6044cce82050adb2e59eb03
1725804620894,"hello world function executed in 15 ms
",2024/09/08/[$LATEST]5af44ca2e6044cce82050adb2e59eb03
1725804620909,"hello world function executed in 15 ms
",2024/09/08/[$LATEST]b2d5f66e7b124b1b9a74b7516f7fc948
1725804621303,"hello world function executed in 12 ms
",2024/09/08/[$LATEST]5af44ca2e6044cce82050adb2e59eb03
1725804621310,"hello world function executed in 21 ms
",2024/09/08/[$LATEST]b2d5f66e7b124b1b9a74b7516f7fc948
1725804621706,"hello world function executed in 8 ms
",2024/09/08/[$LATEST]5af44ca2e6044cce82050adb2e59eb03
1725804621724,"hello world function executed in 29 ms
",2024/09/08/[$LATEST]b2d5f66e7b124b1b9a74b7516f7fc948
1725804622060,"hello world function executed in 15 ms
",2024/09/08/[$LATEST]b2d5f66e7b124b1b9a74b7516f7fc948
1725804622078,"hello world function executed in 10 ms
",2024/09/08/[$LATEST]5af44ca2e6044cce82050adb2e59eb03
1725804622405,"hello world function executed in 41 ms
",2024/09/08/[$LATEST]5af44ca2e6044cce82050adb2e59eb03
1725804622411,"hello world function executed in 36 ms
",2024/09/08/[$LATEST]b2d5f66e7b124b1b9a74b7516f7fc948
1725804622843,"hello world function executed in 11 ms
",2024/09/08/[$LATEST]5af44ca2e6044cce82050adb2e59eb03
1725804622846,"hello world function executed in 17 ms
",2024/09/08/[$LATEST]b2d5f66e7b124b1b9a74b7516f7fc948
1725804623248,"hello world function executed in 12 ms
",2024/09/08/[$LATEST]5af44ca2e6044cce82050adb2e59eb03
1725804623249,"hello world function executed in 20 ms
",2024/09/08/[$LATEST]b2d5f66e7b124b1b9a74b7516f7fc948
1725804623562,"hello world function executed in 13 ms
",2024/09/08/[$LATEST]b2d5f66e7b124b1b9a74b7516f7fc948
1725804623585,"hello world function executed in 10 ms
",2024/09/08/[$LATEST]5af44ca2e6044cce82050adb2e59eb03
1725804623894,"hello world function executed in 11 ms
",2024/09/08/[$LATEST]b2d5f66e7b124b1b9a74b7516f7fc948
1725804623899,"hello world function executed in 15 ms
",2024/09/08/[$LATEST]5af44ca2e6044cce82050adb2e59eb03
1725804624247,"hello world function executed in 32 ms
",2024/09/08/[$LATEST]5af44ca2e6044cce82050adb2e59eb03
1725804625243,"hello world function executed in 46 ms
",2024/09/08/[$LATEST]5af44ca2e6044cce82050adb2e59eb03
1725804625544,"hello world function executed in 14 ms
",2024/09/08/[$LATEST]b2d5f66e7b124b1b9a74b7516f7fc948
1725804625544,"hello world function executed in 16 ms
",2024/09/08/[$LATEST]5af44ca2e6044cce82050adb2e59eb03
1725804625913,"hello world function executed in 13 ms
",2024/09/08/[$LATEST]5af44ca2e6044cce82050adb2e59eb03
1725804625925,"hello world function executed in 27 ms
",2024/09/08/[$LATEST]b2d5f66e7b124b1b9a74b7516f7fc948
1725804626223,"hello world function executed in 19 ms
",2024/09/08/[$LATEST]b2d5f66e7b124b1b9a74b7516f7fc948
1725804626223,"hello world function executed in 17 ms
",2024/09/08/[$LATEST]5af44ca2e6044cce82050adb2e59eb03
1725804626529,"hello world function executed in 29 ms
",2024/09/08/[$LATEST]b2d5f66e7b124b1b9a74b7516f7fc948
1725804626535,"hello world function executed in 20 ms
",2024/09/08/[$LATEST]5af44ca2e6044cce82050adb2e59eb03
1725804626819,"hello world function executed in 9 ms
",2024/09/08/[$LATEST]5af44ca2e6044cce82050adb2e59eb03
1725804626826,"hello world function executed in 13 ms
",2024/09/08/[$LATEST]b2d5f66e7b124b1b9a74b7516f7fc948
1725804627136,"hello world function executed in 19 ms
",2024/09/08/[$LATEST]b2d5f66e7b124b1b9a74b7516f7fc948
1725804627146,"hello world function executed in 10 ms
",2024/09/08/[$LATEST]5af44ca2e6044cce82050adb2e59eb03
1725804627546,"hello world function executed in 13 ms
",2024/09/08/[$LATEST]5af44ca2e6044cce82050adb2e59eb03
1725804630507,"hello world function executed in 9 ms
",2024/09/08/[$LATEST]5af44ca2e6044cce82050adb2e59eb03
1725804630820,"hello world function executed in 13 ms
",2024/09/08/[$LATEST]5af44ca2e6044cce82050adb2e59eb03
1725804630855,"hello world function executed in 49 ms
",2024/09/08/[$LATEST]b2d5f66e7b124b1b9a74b7516f7fc948
1725804631241,"hello world function executed in 14 ms
",2024/09/08/[$LATEST]b2d5f66e7b124b1b9a74b7516f7fc948
1725804631244,"hello world function executed in 13 ms
",2024/09/08/[$LATEST]5af44ca2e6044cce82050adb2e59eb03
1725804631670,"hello world function executed in 26 ms
",2024/09/08/[$LATEST]5af44ca2e6044cce82050adb2e59eb03
1725804631689,"hello world function executed in 45 ms
",2024/09/08/[$LATEST]b2d5f66e7b124b1b9a74b7516f7fc948
1725804632059,"hello world function executed in 12 ms
",2024/09/08/[$LATEST]b2d5f66e7b124b1b9a74b7516f7fc948
1725804632062,"hello world function executed in 12 ms
",2024/09/08/[$LATEST]5af44ca2e6044cce82050adb2e59eb03
1725804632459,"hello world function executed in 9 ms
",2024/09/08/[$LATEST]5af44ca2e6044cce82050adb2e59eb03
1725804632463,"hello world function executed in 13 ms
",2024/09/08/[$LATEST]b2d5f66e7b124b1b9a74b7516f7fc948
1725804632770,"hello world function executed in 15 ms
",2024/09/08/[$LATEST]b2d5f66e7b124b1b9a74b7516f7fc948
1725804632779,"hello world function executed in 15 ms
",2024/09/08/[$LATEST]5af44ca2e6044cce82050adb2e59eb03
1725804633206,"hello world function executed in 16 ms
",2024/09/08/[$LATEST]b2d5f66e7b124b1b9a74b7516f7fc948
1725804633207,"hello world function executed in 16 ms
",2024/09/08/[$LATEST]5af44ca2e6044cce82050adb2e59eb03
1725804633590,"hello world function executed in 21 ms
",2024/09/08/[$LATEST]5af44ca2e6044cce82050adb2e59eb03
1725804634633,"hello world function executed in 19 ms
",2024/09/08/[$LATEST]5af44ca2e6044cce82050adb2e59eb03
1725804636059,"hello world function executed in 14 ms
",2024/09/08/[$LATEST]5af44ca2e6044cce82050adb2e59eb03
1725804636067,"hello world function executed in 21 ms
",2024/09/08/[$LATEST]b2d5f66e7b124b1b9a74b7516f7fc948